id,latitude,longitude,street_count,type
307957,60.02729,30.3874868,4,car
307959,60.0273719,30.3876173,4,car
3605604,59.9983585,30.3651725,3,car
3605636,59.9966622,30.3771417,3,car
16386135,60.0222985,30.4060219,3,car
16386150,60.0224531,30.4068459,3,car
16386165,60.0219583,30.4075865,3,car
21755953,60.0023432,30.3820384,4,car
21755956,59.9992806,30.3789723,3,car
21756058,60.0225495,30.3668366,3,car
21756069,60.0302847,30.3653311,3,car
21756082,60.0320552,30.3650927,4,car
22378705,60.0228116,30.3928258,3,car
25264213,60.02492,30.3852092,3,car
25717148,60.0271907,30.3878263,4,car
25717153,60.0272766,30.3879568,4,car
25717164,60.0251092,30.3953052,4,car
25717230,60.0191181,30.4172756,4,car
25896541,60.0090529,30.3762697,4,car
25896816,60.0110727,30.4059404,3,car
60822430,60.0223215,30.4073474,3,car
151232044,60.0192505,30.4174083,3,car
186115837,60.0216827,30.4073027,3,car
186117699,60.0221375,30.4058513,3,car
247916508,60.0297291,30.3654555,3,car
249754941,60.0161527,30.4001513,3,car
250385658,60.009715,30.3727378,3,car
311367031,60.0112827,30.3719674,3,car
359181375,59.998713,30.3650423,3,car
394862338,60.0118631,30.3782097,3,car
412385373,60.000121,30.3740242,3,car
427532764,60.0196333,30.3805165,3,car
446284994,60.0272144,30.3659455,3,car
448027993,60.0299373,30.3660941,3,car
753611566,60.0247472,30.3966107,3,car
1159517289,60.0223908,30.4049703,3,car
1204187494,60.0281398,30.3886839,3,car
1204187675,60.0280404,30.389022,3,car
1274168817,60.0232726,30.4013295,2,car
1483605822,60.0206468,30.4046503,3,car
1513317626,60.0187953,30.3674907,4,car
1513317628,60.0189153,30.3675106,4,car
1513317646,60.0211678,30.3734001,4,car
1513317649,60.0212468,30.3732757,4,car
1513317651,60.0221436,30.3758349,3,car
1513317655,60.022221,30.3757033,3,car
1513317724,60.0253218,30.3837522,4,car
1513317726,60.0253665,30.3835304,4,car
1839308686,60.0252118,30.3954159,3,car
4987290251,60.0096203,30.3942162,3,car
4987290252,60.0103877,30.3949634,3,car
4987290253,60.0122969,30.3968991,3,car
4987290259,60.0070289,30.3915929,3,car
4987290260,60.0092287,30.3938244,3,car
4987290271,60.0099713,30.3945579,3,car
4987292746,60.0215789,30.4065359,3,car
4987292748,60.0216731,30.4061376,3,car
4987299251,60.0160252,30.4006266,4,car
4987299258,60.0211617,30.4057804,3,car
4987299259,60.0210751,30.4058517,3,car
4987299261,60.0139342,30.3986771,3,car
4987299263,60.0139682,30.3985596,3,car
4992457255,60.020522,30.4051638,3,car
4998956625,60.0214268,30.4085517,3,car
4998960086,60.019217,30.4173748,3,car
5784873076,60.0159932,30.4007457,3,car
6124097134,60.0086577,30.3791324,4,car
6124097135,60.0086053,30.3790947,3,car
6124098293,60.0075853,30.385451,4,car
6124098294,60.0066099,30.391171,4,car
6124098296,60.0075105,30.3855135,4,car
6124098302,60.0099846,30.3710507,3,car
6124098305,60.0100233,30.371078,4,car
7176906240,60.0165364,30.3678513,4,car
7176906258,60.0118293,30.3689657,3,car
7176906274,60.0127211,30.3687525,3,car
7179749852,60.0102915,30.369274,4,car
7179749866,60.0102494,30.369268,4,car
7181450072,60.005717,30.3689872,3,car
7181450078,60.004581,30.3682228,4,car
7181450081,60.0014325,30.366129,4,car
7181925518,60.0071294,30.369918,3,car
7875759443,60.0225722,30.3673647,3,car
9458882165,60.0164328,30.3678728,4,car
9458882195,60.0176308,30.3742364,4,car
9458882196,60.0175169,30.3742493,3,car
9458882206,60.016926,30.3783955,4,car
9458887229,60.0168237,30.3783236,3,car
9458887242,60.0164136,30.3813236,3,car
9458887243,60.0163121,30.3812462,4,car
9458887249,60.0155517,30.385581,3,car
9458887252,60.0156556,30.3856565,4,car
9459988042,60.0131328,30.397741,4,car
9459988050,60.0130422,30.3976552,4,car
9459988051,60.014751,30.3902202,3,car
9459988063,60.0131082,30.3978497,4,car
9547552060,60.0104209,30.4085228,4,car
9734611594,60.0233077,30.4012035,2,car
21755958,60.0002244,30.3799096,4,walk
25896520,60.0100715,30.3801491,3,walk
25897340,60.018958,30.394798,4,walk
25897341,60.0188696,30.3901439,3,walk
26041482,60.0235964,30.4073416,3,walk
162750125,60.0137358,30.3734457,4,walk
165140312,60.0141769,30.3710623,4,walk
165140323,60.0158168,30.3713807,5,walk
165140328,60.0157205,30.371781,3,walk
165140424,60.0150955,30.3715995,3,walk
165140614,60.0146552,30.3717364,3,walk
165140645,60.0146498,30.3724475,4,walk
165140656,60.0139962,30.372071,3,walk
183629231,60.0151071,30.3713708,3,walk
186112829,60.0222505,30.4093463,3,walk
186113158,60.0225054,30.4083858,3,walk
186113447,60.0227696,30.4086582,3,walk
235685814,60.0144121,30.376205,3,walk
247758060,60.0065444,30.3734275,3,walk
247758063,60.0071195,30.3730745,4,walk
247758067,60.0067005,30.3715625,4,walk
247758549,60.0066225,30.3825683,3,walk
247758826,60.0063457,30.3746204,4,walk
247758967,60.0062651,30.3722259,3,walk
249155547,60.0070696,30.3703845,4,walk
249155560,60.0068659,30.3716121,3,walk
249161148,60.0077674,30.3753446,3,walk
250385595,60.0085259,30.3758858,3,walk
250385604,60.0080776,30.3755659,3,walk
250385605,60.0086853,30.3719865,3,walk
250385657,60.0091802,30.3723429,4,walk
250386236,60.0083237,30.3719634,3,walk
250386260,60.0080679,30.3727987,3,walk
250386261,60.0081756,30.3728663,3,walk
250652641,60.0087831,30.3760699,3,walk
250652642,60.0093985,30.3724962,4,walk
251968182,60.0084327,30.3713641,3,walk
255478881,60.0051332,30.3839151,4,walk
255479180,60.0060397,30.3774909,4,walk
255479181,60.0065095,30.3747254,4,walk
255479182,60.0067081,30.3734902,4,walk
255479183,60.0070096,30.3717587,4,walk
259857272,60.0153863,30.390291,3,walk
259857274,60.0162189,30.3902393,3,walk
259857275,60.0154612,30.3929969,4,walk
259857276,60.0149237,30.3926042,3,walk
259857277,60.0150554,30.3920332,4,walk
259857431,60.0145239,30.3945491,3,walk
259857432,60.0140491,30.3949196,5,walk
259857549,60.0159159,30.3873524,3,walk
259857601,60.0160878,30.3907802,4,walk
259857791,60.0163701,30.3902003,3,walk
259858515,60.0156181,30.3904477,3,walk
259858516,60.0152582,30.3921888,3,walk
268702606,60.0226076,30.3900758,3,walk
271491907,60.0077298,30.3755512,3,walk
271492003,60.0072835,30.3783768,3,walk
271492052,60.0068495,30.3813154,3,walk
295943570,60.0126264,30.3729163,3,walk
295943573,60.0139836,30.3693569,4,walk
297407421,60.0034856,30.3757027,4,walk
297407422,60.0057212,30.3772814,3,walk
297407423,60.0064118,30.3732477,4,walk
297407815,60.0048496,30.3714079,3,walk
297407817,60.0062514,30.372328,4,walk
297407818,60.0054437,30.3800859,4,walk
297407822,60.0050723,30.3798193,3,walk
297407823,60.0056006,30.3771887,4,walk
356379794,60.0067145,30.3701024,3,walk
356379798,60.0063052,30.3703844,3,walk
356379803,60.0054051,30.3695827,3,walk
356379815,60.0044943,30.3687652,3,walk
356389841,60.0045163,30.3686301,3,walk
356389845,60.0030312,30.3675925,4,walk
356389850,60.0036357,30.3701129,3,walk
356389852,60.0032281,30.3691278,3,walk
356389855,60.0029335,30.3680579,4,walk
356404955,60.0072259,30.3830973,3,walk
356404957,60.0069983,30.3828046,3,walk
356404960,60.006925,30.3826175,3,walk
357216009,60.0048379,30.3837165,4,walk
358813045,60.0159612,30.3728703,3,walk
367606916,60.0103578,30.3872097,3,walk
372836137,60.015073,30.3725076,4,walk
372836140,60.0154346,30.3712778,3,walk
393835149,60.0026675,30.3816265,3,walk
393835151,60.0031347,30.3805051,3,walk
393835156,60.0032904,30.3778981,3,walk
393835159,60.003675,30.3765529,4,walk
393835160,60.0038453,30.3760029,4,walk
393835161,60.0039738,30.3756256,4,walk
393835163,60.0041523,30.3750479,3,walk
393835166,60.0045793,30.3739126,3,walk
393835174,60.0062015,30.3745124,4,walk
393835177,60.005707,30.3735043,3,walk
393835180,60.0049501,30.3734676,3,walk
393835181,60.004881,30.3738415,4,walk
393835182,60.0026788,30.3814849,5,walk
393835184,60.0035656,30.3757739,4,walk
393835185,60.0043531,30.3709648,4,walk
393835186,60.0041191,30.3724085,3,walk
393835187,60.0044338,30.3720327,4,walk
393835189,60.0047731,30.3716005,3,walk
393835192,60.0054212,30.3729435,3,walk
393835194,60.0055985,30.3732733,4,walk
394862337,60.0113683,30.3809305,3,walk
394877323,60.0129355,30.3892147,3,walk
412385374,60.0007571,30.3744275,3,walk
412385377,60.0031419,30.3756641,4,walk
418120569,60.0171035,30.3818587,3,walk
418120570,60.0184611,30.3829146,3,walk
418120572,60.0166078,30.3846556,3,walk
418120574,60.0193294,30.3854815,3,walk
418120575,60.0167183,30.3841635,5,walk
418120576,60.0164595,30.3839664,3,walk
418120577,60.0167756,30.3822386,3,walk
418120578,60.017006,30.3843983,3,walk
418120580,60.017323,30.382663,3,walk
418120589,60.0170033,30.3824019,4,walk
418120595,60.0183445,30.3834633,3,walk
427532766,60.0202188,30.3794247,5,walk
444978880,60.0115897,30.3723802,3,walk
444986434,60.0050799,30.3822526,3,walk
444986435,60.0053497,30.3806312,3,walk
444986437,60.0061616,30.3768229,4,walk
444986438,60.0063816,30.3755309,4,walk
444986439,60.0052434,30.3823192,4,walk
444986440,60.0055139,30.3808156,4,walk
444986441,60.0059882,30.3767661,3,walk
444986442,60.0062219,30.3753635,5,walk
444986444,60.0027617,30.381605,4,walk
444986445,60.0034126,30.3789198,4,walk
444986446,60.0051224,30.3798465,3,walk
444986452,60.0040882,30.3805383,4,walk
444986456,60.0030712,30.3816627,4,walk
444986458,60.0043437,30.378889,4,walk
445000500,60.0025197,30.3808409,3,walk
445360898,60.0049011,30.371319,3,walk
445360902,60.0049841,30.371193,4,walk
445364617,60.0068004,30.39079,3,walk
445627987,60.0026186,30.3816668,3,walk
448025805,60.0251869,30.3690862,4,walk
448025806,60.0255713,30.3678904,5,walk
448025807,60.0260371,30.3687562,3,walk
448025809,60.0232284,30.3713694,3,walk
448025812,60.0263409,30.3682031,4,walk
448025813,60.0267691,30.3691744,3,walk
448025815,60.0269658,30.3694244,3,walk
448025818,60.0278418,30.3664687,3,walk
448025820,60.029163,30.3667882,3,walk
448025825,60.0279864,30.3669573,4,walk
497209094,60.0091251,30.3741086,3,walk
497209095,60.0080855,30.3734231,3,walk
526133786,60.0195181,30.3755111,3,walk
526133787,60.0185343,30.3757161,3,walk
526140315,60.0185005,30.3707806,6,walk
526140324,60.0181045,30.3727427,4,walk
526140529,60.0189962,30.3682891,5,walk
526140533,60.0187724,30.3691718,5,walk
585326833,60.028576,30.3898985,3,walk
585326834,60.0285433,30.3909633,3,walk
585326850,60.0279364,30.393332,3,walk
585326857,60.0280091,30.3948681,3,walk
585326879,60.0263219,30.3997448,3,walk
585326885,60.026299,30.4011527,3,walk
585952667,60.0317209,30.3681819,3,walk
585952669,60.0309036,30.365768,3,walk
585953904,60.0319168,30.3656101,3,walk
656181052,60.0105361,30.3777554,3,walk
660115888,60.0253889,30.3888709,3,walk
660115889,60.0260109,30.3895471,3,walk
660115891,60.025645,30.3908685,3,walk
660115903,60.0249186,30.3910658,3,walk
660115904,60.0248775,30.3912003,3,walk
660115905,60.0248336,30.3913647,3,walk
660115918,60.025032,30.3903356,3,walk
731249176,60.0002226,30.3740896,4,walk
731249178,60.0035949,30.3755889,4,walk
731249187,60.0061094,30.3722239,3,walk
757430791,60.0173388,30.4074303,3,walk
757430800,60.01694,30.4030781,4,walk
757430805,60.0155939,30.4090471,4,walk
757430824,60.0157374,30.409181,5,walk
757430846,60.0167467,30.4068139,4,walk
757430849,60.0161355,30.4091822,4,walk
757430862,60.0167432,30.4098128,3,walk
758796267,60.0195077,30.4146816,3,walk
758796275,60.0197886,30.4075481,3,walk
758796280,60.0201716,30.4090954,3,walk
758796281,60.0179894,30.4071442,3,walk
758796282,60.0183921,30.4066924,3,walk
758796283,60.0200071,30.4125752,4,walk
758796284,60.0198614,30.4059517,3,walk
758796288,60.0201465,30.409869,3,walk
758796291,60.0199858,30.4104265,4,walk
758796296,60.0209859,30.408262,4,walk
758796297,60.0170344,30.4142129,3,walk
758796299,60.0195684,30.408443,3,walk
758796301,60.0192833,30.41309,3,walk
758796302,60.0169508,30.4112048,4,walk
758796303,60.0201785,30.4096587,3,walk
758796305,60.0204543,30.4109079,4,walk
758796307,60.0177427,30.4040515,3,walk
758796308,60.0154204,30.4125711,3,walk
758796309,60.0192014,30.4088666,4,walk
758796312,60.0180885,30.4122364,3,walk
758796313,60.0185516,30.4060335,4,walk
758796314,60.0167415,30.4109935,4,walk
758796316,60.0195502,30.4121029,4,walk
758796317,60.0194085,30.4126573,3,walk
758796319,60.0209885,30.4087611,3,walk
758796323,60.0152576,30.4124212,3,walk
758796325,60.0188435,30.4048938,3,walk
758796326,60.0164791,30.4113692,4,walk
758796327,60.0193646,30.4082272,4,walk
760638837,60.0148236,30.4122876,3,walk
760638839,60.0182783,30.40432,3,walk
760638841,60.0151978,30.4126329,3,walk
762611824,60.0144654,30.4076151,3,walk
762611840,60.0161546,30.4045731,3,walk
762611841,60.0153518,30.4076936,3,walk
762611843,60.0133909,30.4096489,3,walk
762611844,60.013896,30.4110299,4,walk
762611849,60.01248,30.4095945,3,walk
762611855,60.0140067,30.4029901,4,walk
762611856,60.0118417,30.4049901,3,walk
762611857,60.0166384,30.4050853,4,walk
762611859,60.0142538,30.4022841,3,walk
762611861,60.0125643,30.4099714,3,walk
762611864,60.0156188,30.4020066,3,walk
762611866,60.0133194,30.4056907,3,walk
762611868,60.0139971,30.4096048,4,walk
762611871,60.0150336,30.4038574,3,walk
762611873,60.0143364,30.4067021,3,walk
762611876,60.0126727,30.4043206,3,walk
762611878,60.0147383,30.4027654,4,walk
762611879,60.0111006,30.4082379,5,walk
762611883,60.0130324,30.4020573,3,walk
762611885,60.0153146,30.4087731,4,walk
762611897,60.0130608,30.4027706,3,walk
762611899,60.012788,30.40903,4,walk
762611901,60.0126769,30.4017051,3,walk
762611903,60.0127852,30.4099215,4,walk
762611904,60.0145734,30.4009847,3,walk
762611909,60.0134072,30.4097318,5,walk
762611912,60.0152623,30.4034947,4,walk
762611916,60.0143816,30.407943,3,walk
762611918,60.0141059,30.4090833,4,walk
762611920,60.0128379,30.4008633,3,walk
762611922,60.0145964,30.4033216,3,walk
762611923,60.0160281,30.4050376,3,walk
762611925,60.012007,30.4043362,3,walk
762611927,60.0148575,30.4099737,3,walk
762611930,60.014204,30.4022313,3,walk
762669559,59.9968487,30.3771323,3,walk
762669562,59.9991711,30.3788909,4,walk
762669564,59.9992557,30.3786797,3,walk
790804514,60.0131647,30.4062789,3,walk
790804515,60.0151864,30.4083454,3,walk
847714534,60.0059999,30.3756914,4,walk
847714538,60.0064726,30.3749587,3,walk
847714543,60.0024483,30.3821091,4,walk
847726687,60.0038412,30.3820561,3,walk
847726688,60.0032521,30.3775455,3,walk
847726691,60.0035747,30.3757013,3,walk
847726696,60.0051359,30.3794363,3,walk
847726698,60.0028278,30.3799486,3,walk
847726702,60.0035371,30.3759316,3,walk
847726705,60.0043183,30.3755989,3,walk
847726706,60.0059667,30.3738367,4,walk
847726708,60.0034438,30.3773361,3,walk
847726709,60.0046381,30.3738874,4,walk
847726713,60.0058116,30.3739782,4,walk
847726715,60.0046595,30.3765617,3,walk
847726716,60.0046444,30.3736898,5,walk
847726723,60.0063511,30.3736141,3,walk
847726726,60.0030404,30.3809471,4,walk
847726728,60.0048337,30.3733591,4,walk
858397083,60.0030245,30.380765,4,walk
858397090,60.0057893,30.3717698,4,walk
858397091,60.0061683,30.3720295,3,walk
858397093,60.0047536,30.3766189,3,walk
858397111,60.0031109,30.3806164,3,walk
858397112,60.0061696,30.3747023,3,walk
858397115,60.0060444,30.3712911,4,walk
858397120,60.0057277,30.3718518,4,walk
858397123,60.0044075,30.37834,3,walk
858397125,60.0066692,30.3704395,3,walk
858397126,60.0052684,30.3727649,4,walk
858397127,60.0045867,30.3772074,3,walk
858397133,60.0055628,30.3750438,3,walk
858397141,60.0056786,30.371934,4,walk
858397142,60.0051333,30.3753253,3,walk
858397144,60.005775,30.3706614,3,walk
890030338,60.0291329,30.3662503,4,walk
897558636,60.0201317,30.3700239,3,walk
897558637,60.0192603,30.3678669,3,walk
897558651,60.0196627,30.3700797,3,walk
897959490,60.020245,30.3715766,3,walk
897959492,60.0198344,30.372706,4,walk
897962212,60.0208945,30.3733713,3,walk
897962216,60.018918,30.3714722,4,walk
897962221,60.0187023,30.3711528,3,walk
897962222,60.0186094,30.3710166,3,walk
897981117,60.017429,30.3679683,4,walk
898000469,60.0179586,30.3695284,4,walk
898000474,60.0175265,30.3693176,3,walk
911596347,60.0179442,30.3684434,5,walk
914332542,60.0248924,30.3995535,3,walk
915254283,60.009507,30.373135,3,walk
915254286,60.0095939,30.3726436,4,walk
915448708,60.0101575,30.380256,3,walk
915749170,60.0087749,30.3702499,3,walk
919338943,60.0089796,30.3762174,3,walk
920039167,60.0079981,30.3739077,3,walk
952626066,60.0302344,30.3778809,3,walk
952626074,60.0308016,30.378423,4,walk
952626119,60.0302683,30.3850199,4,walk
952626137,60.0289034,30.3891255,4,walk
952749762,60.0135689,30.3845582,3,walk
952749773,60.0134933,30.3849499,3,walk
952749780,60.0134344,30.3853069,3,walk
952749813,60.0147732,30.3841019,3,walk
952749818,60.013666,30.3839103,3,walk
952749820,60.0136251,30.3841441,3,walk
952749821,60.0136055,30.384278,3,walk
952749832,60.0127606,30.3832848,3,walk
952749835,60.0128313,30.3828647,3,walk
960105851,60.0031435,30.3781603,3,walk
965442989,60.0181517,30.3721922,3,walk
965443008,60.0190823,30.3694275,3,walk
966681651,60.0159069,30.3756914,4,walk
966681693,60.0167038,30.3762784,3,walk
966681695,60.0167755,30.3758525,3,walk
984161423,60.0146492,30.3748444,3,walk
984161426,60.0136131,30.3741108,3,walk
984162267,60.0164678,30.3776462,3,walk
984163387,60.0154335,30.376919,5,walk
984170984,60.0109353,30.3719756,3,walk
984181433,60.0116197,30.3722053,3,walk
984182739,60.0109779,30.3717521,3,walk
991854782,60.0089549,30.3764213,3,walk
1015551471,60.0007067,30.3703171,4,walk
1084133218,60.0262422,30.366823,3,walk
1084154325,60.0250789,30.3670824,4,walk
1084154327,60.0227177,30.3675414,3,walk
1084183911,60.0257278,30.3669437,4,walk
1117597143,60.0154967,30.3689391,3,walk
1117597148,60.0154641,30.3684984,4,walk
1117597157,60.0156833,30.3689271,3,walk
1118429221,60.0282926,30.3688803,3,walk
1132590801,60.008925,30.3793157,3,walk
1132601963,60.0091772,30.3765533,3,walk
1132618270,60.0045839,30.3770295,3,walk
1132618305,60.0049833,30.3767746,3,walk
1151944044,60.022363,30.4035923,3,walk
1151944047,60.0243166,30.3965297,4,walk
1151944051,60.0235045,30.3994129,4,walk
1155161415,60.0281864,30.3670021,3,walk
1155161421,60.0197832,30.3735996,3,walk
1155161480,60.0171106,30.3689865,4,walk
1155161587,60.0200566,30.3728085,3,walk
1155161588,60.0297869,30.3660897,4,walk
1156220242,60.0185422,30.3689491,4,walk
1156220569,60.0184472,30.3709168,4,walk
1156220577,60.0183588,30.3675651,4,walk
1156220843,60.0197194,30.3702196,4,walk
1156220856,60.020842,30.3730325,3,walk
1156220960,60.0178856,30.3739269,3,walk
1156220970,60.0188814,30.368566,3,walk
1156221047,60.0177163,30.373303,3,walk
1156221435,60.0171604,30.371074,4,walk
1156221543,60.02098,30.3733603,3,walk
1156221567,60.0177912,30.3709386,4,walk
1156221578,60.0189334,30.3718758,4,walk
1156221587,60.0192624,30.3727623,3,walk
1157660446,60.0318356,30.3652668,3,walk
1159517273,60.0224843,30.3905283,4,walk
1159517293,60.0212905,30.3881992,4,walk
1159517334,60.0210387,30.3891498,3,walk
1159517348,60.021853,30.3861092,3,walk
1204187377,60.0283504,30.3828093,3,walk
1204187385,60.0302341,30.3761421,3,walk
1204187411,60.0273528,30.3767187,3,walk
1204187470,60.0301086,30.3766745,3,walk
1204187487,60.0270565,30.3868796,3,walk
1204187514,60.0292233,30.3896473,3,walk
1204187612,60.0275185,30.3886779,3,walk
1204187616,60.0280985,30.3864472,4,walk
1205392552,60.0302288,30.3669504,3,walk
1205392562,60.0280961,30.3875211,4,walk
1205392580,60.0312156,30.3687037,3,walk
1205392591,60.0310802,30.3663544,3,walk
1205392594,60.0289574,30.3722417,3,walk
1205392648,60.0304814,30.381454,4,walk
1205392654,60.0309516,30.3824691,3,walk
1205392662,60.0274728,30.3766444,3,walk
1205392678,60.0278121,30.3753661,3,walk
1205392685,60.0298122,30.3763147,3,walk
1205392690,60.0279049,30.3862803,3,walk
1205392744,60.0297678,30.38386,4,walk
1205392780,60.0278459,30.3873397,4,walk
1205392788,60.0286129,30.3726281,3,walk
1205392811,60.0279747,30.3868817,4,walk
1205392878,60.0304585,30.3660165,3,walk
1205392880,60.0311539,30.3807284,4,walk
1205392907,60.0276829,30.3877257,3,walk
1205392954,60.0286117,30.3774447,3,walk
1205392963,60.0279719,30.3761712,4,walk
1205392991,60.0314671,30.3691475,3,walk
1205393007,60.0304731,30.3849758,4,walk
1205393029,60.0301595,30.3663589,4,walk
1205393038,60.0281509,30.3876418,4,walk
1205393054,60.0289095,30.3893367,3,walk
1205393080,60.028722,30.3852811,3,walk
1205393082,60.0315652,30.3677448,3,walk
1205393083,60.0277758,30.3755421,4,walk
1205393092,60.0283341,30.374094,3,walk
1205393125,60.0283698,30.3853848,4,walk
1205393167,60.02879,30.3830891,3,walk
1205393183,60.0294578,30.3830444,3,walk
1205393208,60.0303862,30.3846981,4,walk
1205393233,60.0282216,30.3875677,3,walk
1205393277,60.030696,30.3658158,3,walk
1205393339,60.0289786,30.3705647,3,walk
1205393353,60.0305659,30.3658458,4,walk
1205393357,60.0303453,30.384808,4,walk
1205393400,60.0289693,30.3877115,3,walk
1205393447,60.0279583,30.3860879,4,walk
1205393454,60.0281545,30.376007,3,walk
1205393457,60.028136,30.3854469,3,walk
1205393459,60.0289165,30.3826327,3,walk
1205393511,60.0293607,30.3832851,4,walk
1205393550,60.0298723,30.3671461,3,walk
1205393605,60.0308059,30.3659993,3,walk
1205393630,60.0292521,30.3830098,3,walk
1205393676,60.0288975,30.3852587,3,walk
1205393710,60.0292352,30.3895958,3,walk
1205393793,60.0276166,30.3872563,3,walk
1205393816,60.0285198,30.3725493,4,walk
1205393825,60.0297539,30.3796135,3,walk
1205393874,60.0297725,30.3842704,3,walk
1205393923,60.0285312,30.3730516,3,walk
1205393943,60.0282452,30.3767259,3,walk
1205393974,60.028181,30.375282,3,walk
1205394007,60.0277251,30.387737,3,walk
1205394075,60.0304027,30.3727732,4,walk
1205394099,60.0301679,30.3807554,3,walk
1205394125,60.0282056,30.3738453,4,walk
1205570121,60.0256209,30.4005804,4,walk
1205570160,60.0226958,30.4070134,3,walk
1205570227,60.0238195,30.4082373,4,walk
1205570254,60.0202356,30.405777,4,walk
1205570286,60.0220247,30.4080036,3,walk
1205570408,60.0253197,30.4003555,4,walk
1205570441,60.0251883,30.3958494,3,walk
1205570516,60.0290673,30.3903859,4,walk
1205570570,60.0214847,30.40753,3,walk
1205570572,60.024828,30.3954623,3,walk
1205570575,60.0225499,30.4075639,3,walk
1205570587,60.0215207,30.4091448,3,walk
1205570600,60.0229925,30.4079776,4,walk
1205570703,60.0213748,30.4069025,3,walk
1205570800,60.0227408,30.4047047,3,walk
1207335640,60.0227829,30.371897,3,walk
1207335774,60.0224257,30.3712131,4,walk
1207335973,60.0230416,30.367484,4,walk
1207336046,60.0230696,30.3679955,3,walk
1208461328,60.0132103,30.3687174,3,walk
1208461710,60.0130069,30.3687682,3,walk
1208461868,60.016124,30.3688392,3,walk
1208461950,60.0130274,30.3690774,4,walk
1208461979,60.0139529,30.3688521,4,walk
1208462097,60.0162533,30.3711312,3,walk
1208462223,60.0161672,30.3695955,4,walk
1208462330,60.011759,30.3693519,4,walk
1208462399,60.0149572,30.368622,4,walk
1208462439,60.0157244,30.3697072,3,walk
1208464302,60.0122792,30.3692501,4,walk
1208464560,60.0108494,30.3716614,3,walk
1208464676,60.0117345,30.3722864,3,walk
1208464786,60.0111138,30.3701966,4,walk
1242004810,60.0180049,30.4131331,3,walk
1242005065,60.0184138,30.4135397,3,walk
1261733651,60.00148,30.3665917,3,walk
1274168797,60.0234098,30.3972555,3,walk
1274168801,60.0225352,30.3946408,3,walk
1274168815,60.0232482,30.3991308,4,walk
1274168816,60.0231307,30.3983261,3,walk
1274168820,60.0230551,30.4010935,4,walk
1274168824,60.0218654,30.3970589,3,walk
1274172575,60.0221814,30.3938257,3,walk
1274172576,60.021245,30.39281,3,walk
1274175796,60.0223589,30.4009571,3,walk
1274175799,60.0224821,30.4008803,3,walk
1274175802,60.0231222,30.3985624,3,walk
1274175817,60.0226937,30.4008496,3,walk
1277722360,60.02205,30.4019129,3,walk
1351678534,60.0055914,30.3801863,4,walk
1351678549,60.0068294,30.3814393,4,walk
1351678558,60.0070991,30.3799241,4,walk
1351678561,60.0071133,30.3798328,3,walk
1351678571,60.0080587,30.3806219,3,walk
1369691808,59.9984266,30.3655437,3,walk
1369716714,59.9974951,30.3724448,4,walk
1396341826,60.0127233,30.3971328,4,walk
1399435528,60.0039446,30.3777331,4,walk
1399435530,60.0193445,30.3736854,4,walk
1399572526,59.9968261,30.3772417,4,walk
1405107265,60.0243643,30.4015662,4,walk
1405107267,60.0241457,30.4006721,3,walk
1405107270,60.0242274,30.4003556,3,walk
1405107275,60.0246498,30.402555,3,walk
1405107284,60.0251938,30.4025247,3,walk
1423438370,59.9985794,30.3780038,3,walk
1423438371,59.9988226,30.3765968,3,walk
1423438372,59.9993404,30.3769425,3,walk
1423438373,59.9993814,30.3767025,3,walk
1435010705,60.0136171,30.3894097,3,walk
1438761937,60.0213977,30.409165,3,walk
1438761944,60.0225619,30.4055144,3,walk
1438761948,60.022947,30.4072683,4,walk
1438761952,60.0231538,30.4070437,4,walk
1438761954,60.0231647,30.4061702,3,walk
1438761955,60.0233103,30.4064317,3,walk
1438803650,60.0178531,30.3857535,4,walk
1438803722,60.0179716,30.3852343,3,walk
1438804799,60.0201088,30.3875955,3,walk
1445494556,60.0313851,30.3688684,3,walk
1445494558,60.0313964,30.3652543,4,walk
1445494561,60.0314075,30.365667,4,walk
1445494572,60.0315203,30.3688273,3,walk
1445771905,60.0226373,30.4076496,3,walk
1445772029,60.0239601,30.4034395,3,walk
1446315833,60.0193748,30.4171761,3,walk
1446316437,60.022333,30.4098162,3,walk
1446316502,60.0226953,30.409837,4,walk
1446316655,60.0237994,30.4088102,3,walk
1448290125,60.0263611,30.3865973,4,walk
1448290129,60.0272459,30.3883885,3,walk
1448290130,60.0294181,30.3869565,3,walk
1448290132,60.0297502,30.3860377,3,walk
1451019774,59.9987994,30.3750989,3,walk
1451019778,59.9990565,30.3752372,5,walk
1451019802,59.999612,30.3739251,3,walk
1451019806,59.9999997,30.3741758,4,walk
1451019817,60.0001505,30.3745222,4,walk
1451019819,60.0002711,30.3700661,3,walk
1451019825,60.0005941,30.3769915,3,walk
1451019830,60.0006515,30.3749106,3,walk
1451019850,60.0010855,30.3807918,3,walk
1451109888,60.0084223,30.3822643,3,walk
1451109903,60.0086029,30.3824601,3,walk
1451126260,60.0092179,30.3864644,3,walk
1451126270,60.0096886,30.3867771,3,walk
1455438823,60.0003632,30.3794561,3,walk
1455438826,60.0004167,30.3791446,3,walk
1459175543,59.9985379,30.3782484,4,walk
1459175545,59.9996499,30.3737081,4,walk
1459175546,60.000036,30.3739586,3,walk
1459258527,59.9974218,30.3729998,4,walk
1459258539,59.997742,30.3724433,3,walk
1459258544,59.9980037,30.3733143,3,walk
1459258552,59.997929,30.3692778,4,walk
1459258566,59.9980744,30.3694068,3,walk
1459258571,59.9981048,30.367819,3,walk
1459258572,59.9981402,30.3678384,3,walk
1459258581,59.9985404,30.3680097,3,walk
1459258645,59.999773,30.3794472,3,walk
1459281030,59.9984408,30.3697544,4,walk
1459281031,59.9989914,30.3713878,3,walk
1460484659,59.9980991,30.3726621,3,walk
1460484667,59.9989006,30.3751279,3,walk
1460484668,59.9983174,30.3713052,3,walk
1460484670,59.9991609,30.3703856,3,walk
1460484671,59.9991918,30.3733962,3,walk
1460886386,60.0003745,30.3731837,4,walk
1460886400,60.000726,30.3734134,4,walk
1460886406,60.001016,30.369443,4,walk
1478342187,59.9995514,30.377933,4,walk
1478342188,60.0000277,30.3782819,3,walk
1478342189,60.0000763,30.3782075,3,walk
1478342229,60.0013278,30.3664427,3,walk
1483573093,60.0163493,30.3683367,3,walk
1483605356,60.0119253,30.4046289,3,walk
1483605375,60.0127168,30.4013334,3,walk
1483605451,60.0155012,30.4103094,4,walk
1483605452,60.0155845,30.3892374,3,walk
1483605613,60.0164991,30.3890528,4,walk
1483605625,60.0167242,30.399696,4,walk
1483605626,60.0167927,30.3996008,4,walk
1483605651,60.0170047,30.4018712,3,walk
1483605658,60.0170774,30.4015756,4,walk
1483605686,60.0175194,30.4004306,4,walk
1483605697,60.0175921,30.4018772,3,walk
1483605717,60.0178402,30.4006228,3,walk
1483605762,60.0203243,30.4054459,3,walk
1483605777,60.0204831,30.404791,3,walk
1485041856,59.9991557,30.365276,3,walk
1493406549,60.014829,30.3749526,4,walk
1493406557,60.0149359,30.3732634,3,walk
1493406562,60.0150794,30.3750802,3,walk
1493406564,60.015108,30.3719684,3,walk
1493406571,60.015259,30.3779609,3,walk
1493406574,60.0152709,30.3768053,3,walk
1493406586,60.0154408,30.3753403,3,walk
1493406597,60.0155309,30.3763695,3,walk
1493406615,60.0156362,30.3757751,3,walk
1493406632,60.0156858,30.3755248,3,walk
1493406636,60.0157292,30.3752949,3,walk
1493406642,60.0157629,30.3751143,3,walk
1493406654,60.0157882,30.3746877,3,walk
1493406656,60.0157959,30.37215,3,walk
1493406660,60.015799,30.3696799,3,walk
1493406719,60.0160003,30.3733665,4,walk
1493406734,60.016082,30.369612,3,walk
1493406740,60.0160853,30.3735218,4,walk
1493406746,60.0161266,30.3786091,3,walk
1493406766,60.0162908,30.3777482,3,walk
1493406775,60.0163734,30.3687791,4,walk
1493406791,60.0164805,30.3710013,4,walk
1493406797,60.0165038,30.3738227,3,walk
1493406800,60.0165201,30.3737197,3,walk
1493406802,60.016547,30.3716258,3,walk
1493406826,60.0166531,30.3722506,4,walk
1493406831,60.0166747,30.3738309,3,walk
1493406840,60.0167016,30.3778622,4,walk
1493406858,60.0168051,30.3727301,3,walk
1493406860,60.0168527,30.3735336,3,walk
1493406864,60.0170221,30.3760207,4,walk
1493406870,60.0170741,30.374121,3,walk
1493406878,60.0173182,30.3742989,5,walk
1494133951,60.0217838,30.3728495,4,walk
1494134001,60.0220655,30.3732589,3,walk
1494134009,60.0220378,30.3760322,4,walk
1494134013,60.0220964,30.3741249,3,walk
1494134030,60.0223295,30.3755058,4,walk
1494134036,60.0224502,30.3734911,3,walk
1494134041,60.0224392,30.3770078,3,walk
1494134067,60.0225201,30.3751587,3,walk
1494134089,60.0225369,30.3760411,3,walk
1494134094,60.0226272,30.3719748,3,walk
1494134116,60.0226847,30.3730187,4,walk
1494134118,60.0226688,30.3748881,3,walk
1494134128,60.0226865,30.3764261,4,walk
1494134144,60.0227244,30.376523,3,walk
1494134156,60.022837,30.3753163,3,walk
1494134161,60.022842,30.374573,3,walk
1494134167,60.0229742,30.3747512,3,walk
1494134178,60.0230328,30.3736554,3,walk
1494134183,60.0230369,30.3748013,3,walk
1494134190,60.0231314,30.3685691,3,walk
1494134196,60.0231522,30.3740142,3,walk
1494134205,60.0231836,30.3742752,3,walk
1494134207,60.0232263,30.371818,3,walk
1494134245,60.0233502,30.379307,3,walk
1494134252,60.0234362,30.3679242,5,walk
1494134260,60.0236029,30.3751124,3,walk
1494134263,60.0235982,30.3786423,4,walk
1494134265,60.0236625,30.378798,3,walk
1494134277,60.0238077,30.3754713,3,walk
1494134293,60.0240764,30.3779263,3,walk
1494134299,60.0240971,30.3678389,3,walk
1494134306,60.0241423,30.3717562,3,walk
1494134312,60.0242757,30.3784814,4,walk
1494134313,60.0243008,30.3795378,3,walk
1494134378,60.0248411,30.3677753,3,walk
1494134381,60.0248854,30.3681093,4,walk
1494134401,60.0250467,30.3822745,4,walk
1494134406,60.0250611,30.3814352,3,walk
1494134429,60.0251349,30.3681213,3,walk
1494134436,60.0252393,30.3717607,3,walk
1494134448,60.0253611,30.3760369,3,walk
1494134455,60.0254048,30.3831064,3,walk
1494134457,60.0253519,30.368568,6,walk
1494134459,60.0253878,30.3679532,4,walk
1494134469,60.0254269,30.3767271,3,walk
1494134473,60.0254119,30.372137,4,walk
1494134475,60.0254543,30.3670015,6,walk
1494134476,60.0254622,30.3713497,3,walk
1494134508,60.0257339,30.3670558,3,walk
1494134526,60.0258106,30.3803033,3,walk
1494134534,60.0258949,30.3771955,4,walk
1494134536,60.0259363,30.37654,4,walk
1494134544,60.0259776,30.3805042,3,walk
1494134545,60.0260826,30.3806385,5,walk
1494134551,60.0262745,30.3698523,3,walk
1494134559,60.0266603,30.3707186,3,walk
1494134560,60.0267708,30.3773929,3,walk
1494134563,60.0268984,30.3712533,4,walk
1494134565,60.0269646,30.3696831,3,walk
1494134567,60.0269529,30.3713394,3,walk
1494134582,60.0274392,30.3729776,3,walk
1494134590,60.0277236,30.3711978,3,walk
1494134593,60.0277332,30.3713738,3,walk
1494134598,60.0277941,30.3687895,3,walk
1494134607,60.0280503,30.3720753,3,walk
1494134609,60.0281997,30.3696888,3,walk
1494134611,60.0282344,30.3722543,4,walk
1494134617,60.0286311,30.3697199,4,walk
1494134619,60.0288171,30.3699219,4,walk
1494134620,60.0290174,30.3668381,4,walk
1494134621,60.0291543,30.3672457,3,walk
1494134623,60.0292852,30.366993,3,walk
1494134624,60.0295302,30.3670419,3,walk
1494298110,60.0231639,30.3692561,3,walk
1494298115,60.0232152,30.367968,3,walk
1494298116,60.0232339,30.3707067,3,walk
1494298129,60.0234612,30.3685061,4,walk
1494298141,60.0235138,30.3713304,3,walk
1494298148,60.0235562,30.3713237,3,walk
1494298154,60.0236494,30.3678819,4,walk
1494298165,60.023861,30.3678399,4,walk
1494298182,60.0239479,30.3678198,3,walk
1494298187,60.0240351,30.3678531,3,walk
1494298203,60.0240641,30.368256,3,walk
1494298207,60.0242944,30.3677926,3,walk
1494298224,60.0245082,30.3677527,3,walk
1494298225,60.0245279,30.3703266,3,walk
1494298228,60.0247335,30.3677666,3,walk
1494298243,60.0251384,30.3681855,3,walk
1494298257,60.0254106,30.367732,3,walk
1494298266,60.0254403,30.3679334,4,walk
1494298270,60.0254792,30.3681761,3,walk
1494298271,60.0254652,30.3671162,3,walk
1494298272,60.0255631,30.3691914,3,walk
1494298275,60.0256536,30.3694544,3,walk
1494298278,60.0262371,30.3673096,3,walk
1494298282,60.026425,30.3683937,3,walk
1499067154,60.0170722,30.3783223,3,walk
1499067164,60.0174431,30.376083,4,walk
1499067172,60.0186319,30.37953,4,walk
1499067196,60.0193494,30.3776851,3,walk
1499067234,60.0197084,30.3803764,4,walk
1499067278,60.0203956,30.3801545,3,walk
1499067303,60.0204822,30.3802236,3,walk
1499067307,60.0204823,30.3799055,4,walk
1499067338,60.0206832,30.3803813,4,walk
1499067341,60.0207279,30.3798201,3,walk
1499067346,60.020879,30.3805374,3,walk
1499067363,60.0210891,30.3807052,3,walk
1499067371,60.0211902,30.380786,3,walk
1499067376,60.0212866,30.380863,3,walk
1499067388,60.0212896,30.380262,3,walk
1499067393,60.0214867,30.3810229,3,walk
1499067396,60.0215357,30.3789746,3,walk
1499067401,60.0216874,30.3811832,3,walk
1499067427,60.0218658,30.3813205,3,walk
1499067447,60.0219692,30.3813942,3,walk
1499067466,60.0220654,30.3821947,3,walk
1499067478,60.0220722,30.3821959,4,walk
1499067523,60.0223029,30.3737548,3,walk
1499067558,60.0224726,30.3741189,3,walk
1499067569,60.0225171,30.3710584,3,walk
1499067596,60.0225859,30.3804818,3,walk
1499067648,60.0226634,30.3785527,4,walk
1499067652,60.0226552,30.3706207,3,walk
1499067692,60.0226989,30.3748334,3,walk
1499067719,60.0227325,30.3737054,3,walk
1499067722,60.0227319,30.3802335,3,walk
1499067748,60.0227487,30.3740808,3,walk
1499067788,60.0228062,30.3698769,3,walk
1499067843,60.0228502,30.3752192,3,walk
1499067845,60.0228544,30.3710176,3,walk
1499067851,60.0228665,30.3711697,3,walk
1499067870,60.0228835,30.3749738,3,walk
1499067877,60.0228754,30.3754139,3,walk
1499067897,60.0228933,30.3799607,4,walk
1499067900,60.0228964,30.3744738,3,walk
1499067925,60.0229231,30.3746824,3,walk
1499067928,60.0229184,30.3807731,3,walk
1499067932,60.0229352,30.3802826,4,walk
1499067933,60.0229422,30.380079,3,walk
1499067946,60.023055,30.3738036,3,walk
1499067963,60.0230351,30.3803106,3,walk
1499067975,60.0230629,30.3803798,3,walk
1499068004,60.0231044,30.3804792,3,walk
1499068094,60.023194,30.3805421,3,walk
1499068115,60.0232163,30.3710771,3,walk
1499068183,60.0232908,30.3832718,3,walk
1499068229,60.0233231,30.3792364,4,walk
1499068288,60.0234116,30.3804052,3,walk
1499068289,60.0234362,30.3782507,3,walk
1499068381,60.0237092,30.3749203,5,walk
1499068399,60.0238663,30.3732725,3,walk
1499068411,60.023818,30.3782867,3,walk
1499068434,60.0238641,30.3772893,3,walk
1499068436,60.0238721,30.3824721,3,walk
1499068438,60.0238887,30.3839198,4,walk
1499068486,60.0239309,30.3758017,3,walk
1499068535,60.0239759,30.3827264,3,walk
1499068554,60.0238632,30.3730979,5,walk
1499068556,60.0240117,30.3828049,3,walk
1499068559,60.0240396,30.3824438,3,walk
1499068624,60.0241429,30.3754282,4,walk
1499068630,60.0241611,30.3825681,3,walk
1499068659,60.0242402,30.3832643,4,walk
1499068686,60.0243437,30.376838,3,walk
1499068804,60.024406,30.3725454,3,walk
1499068810,60.024399,30.3835624,4,walk
1499068838,60.0245335,30.3765717,3,walk
1499068841,60.0243822,30.3717691,3,walk
1499068843,60.0244059,30.3844797,4,walk
1499068854,60.0244211,30.384435,3,walk
1499068875,60.0244142,30.377015,3,walk
1499068884,60.0244128,30.3732239,3,walk
1499068887,60.024448,30.3748124,3,walk
1499068892,60.0244845,30.378236,4,walk
1499068903,60.0244774,30.3745382,3,walk
1499068910,60.0244871,30.3747623,3,walk
1499068929,60.0245383,30.3834152,3,walk
1499068946,60.0245777,30.3827126,3,walk
1499068982,60.0246246,30.3832261,3,walk
1499068989,60.0246189,30.3850202,4,walk
1499069006,60.0246505,30.3804105,3,walk
1499069007,60.0246505,30.3840254,3,walk
1499069009,60.0246512,30.3825931,4,walk
1499069015,60.0246834,30.3747404,3,walk
1499069017,60.0247041,30.3834251,4,walk
1499069031,60.0247178,30.3724573,3,walk
1499069035,60.0247388,30.3842424,4,walk
1499069041,60.0247502,30.3719057,3,walk
1499069053,60.0247516,30.3761604,4,walk
1499069058,60.0247655,30.3801656,4,walk
1499069106,60.0248301,30.3837406,4,walk
1499069108,60.0248445,30.3717498,3,walk
1499069114,60.0248589,30.3845377,3,walk
1499069133,60.0249014,30.3718748,3,walk
1499069137,60.024951,30.3707334,3,walk
1499069142,60.0250072,30.3834433,4,walk
1499069155,60.0250201,30.3721351,3,walk
1499069160,60.0250547,30.3775317,3,walk
1499069183,60.0251239,30.3711045,3,walk
1499069185,60.0251338,30.3770437,3,walk
1499069189,60.0251541,30.3772908,3,walk
1499069192,60.0251583,30.3840812,3,walk
1499069201,60.0251669,30.3768368,4,walk
1499069203,60.0251715,30.3774765,4,walk
1499069206,60.0251748,30.3724711,3,walk
1499069242,60.025174,30.3840166,3,walk
1499069245,60.0252253,30.3781473,3,walk
1499069266,60.0252869,30.3767779,3,walk
1499069267,60.0252912,30.3778161,4,walk
1499069268,60.0252927,30.3760496,3,walk
1499069271,60.0252989,30.3746396,4,walk
1499069293,60.0253362,30.3773986,3,walk
1499069295,60.0253289,30.3753208,3,walk
1499069332,60.0253635,30.3773857,3,walk
1499069369,60.0254131,30.3765826,4,walk
1499069439,60.0255587,30.3724647,3,walk
1499069454,60.0255779,30.3773089,3,walk
1499069483,60.0256421,30.377286,3,walk
1499069486,60.0256763,30.3788688,3,walk
1499069497,60.0256798,30.3790303,3,walk
1499069506,60.0256842,30.3792336,3,walk
1499069510,60.0258206,30.3747826,6,walk
1499069511,60.025704,30.3727896,3,walk
1499069520,60.025704,30.3801751,3,walk
1499069528,60.0257458,30.3802254,3,walk
1499069530,60.0257632,30.3707948,3,walk
1499069534,60.0257897,30.3772331,3,walk
1499069554,60.0258442,30.3731031,3,walk
1499069556,60.0258467,30.370984,3,walk
1499069570,60.0258727,30.378581,3,walk
1499069578,60.0259234,30.3732803,3,walk
1499069590,60.0259544,30.3704425,3,walk
1499069602,60.0259869,30.3734223,3,walk
1499069605,60.026062,30.3754801,3,walk
1499069636,60.0260731,30.3754168,4,walk
1499069655,60.0260928,30.3800521,3,walk
1499069659,60.0260951,30.377368,3,walk
1499069682,60.0261275,30.3744635,4,walk
1499069684,60.0261302,30.3737427,3,walk
1499069725,60.0261704,30.3755685,3,walk
1499069728,60.0261912,30.3796659,3,walk
1499069732,60.0262119,30.3801674,3,walk
1499069735,60.0262559,30.3745029,3,walk
1499069739,60.0262882,30.3792856,3,walk
1499069766,60.0263448,30.3758002,3,walk
1499069768,60.0263164,30.3797872,3,walk
1499069770,60.0263234,30.3779023,3,walk
1499069798,60.0263873,30.378897,3,walk
1499069803,60.0264062,30.375889,3,walk
1499069807,60.0263965,30.3753151,3,walk
1499069811,60.026419,30.3794133,3,walk
1499069827,60.0265247,30.3790285,3,walk
1499069830,60.0265441,30.3766661,5,walk
1499069833,60.0265338,30.3704345,3,walk
1499069847,60.0265541,30.3750049,3,walk
1499069850,60.0266622,30.3762471,3,walk
1499069881,60.0267673,30.3754474,3,walk
1499069887,60.0267926,30.3753476,3,walk
1499069906,60.0268346,30.3771249,3,walk
1499069910,60.0268548,30.3715853,3,walk
1499069933,60.0268895,30.3706664,3,walk
1499069934,60.0269363,30.3748726,3,walk
1499069948,60.026931,30.3765204,3,walk
1499069957,60.0269698,30.3670581,3,walk
1499069961,60.0269768,30.3765647,3,walk
1499069985,60.0270105,30.3671818,3,walk
1499070004,60.0270348,30.3675863,3,walk
1499070025,60.0270711,30.3745654,4,walk
1499070038,60.0270196,30.371347,3,walk
1499070057,60.0272,30.3753494,3,walk
1499070068,60.0272283,30.3715392,4,walk
1499070076,60.0272601,30.372184,3,walk
1499070124,60.0274221,30.3719147,3,walk
1499070128,60.027414,30.3750003,3,walk
1499070140,60.027479,30.3684792,3,walk
1499070144,60.0275154,30.37512,4,walk
1499070161,60.0275246,30.3676594,3,walk
1499070167,60.0275423,30.367699,3,walk
1499070191,60.0276131,30.3679242,3,walk
1499070200,60.0277074,30.3674316,3,walk
1499070203,60.027743,30.373197,4,walk
1499070213,60.0277401,30.3682056,3,walk
1499070220,60.0277893,30.3664771,3,walk
1499070228,60.0278735,30.3671493,3,walk
1499070235,60.0279128,30.3735338,4,walk
1499070268,60.0280992,30.3677688,3,walk
1499070284,60.0281393,30.3669876,3,walk
1499070288,60.0282374,30.3688471,3,walk
1499070306,60.0283358,30.369081,3,walk
1499070308,60.0283658,30.3669582,4,walk
1499070315,60.0284142,30.3686636,3,walk
1499070317,60.0284713,30.3686561,3,walk
1499070332,60.0284428,30.3693033,3,walk
1499070336,60.0284784,30.3694198,3,walk
1499070338,60.0285142,30.3685601,3,walk
1499070339,60.0285207,30.3700739,3,walk
1499070341,60.0285383,30.3682812,3,walk
1499070352,60.0285772,30.3669099,4,walk
1499070357,60.0286052,30.367337,4,walk
1499070371,60.0286917,30.368756,3,walk
1499070373,60.0286969,30.3679827,3,walk
1499070383,60.0287692,30.366878,3,walk
1499070397,60.0287992,30.3668726,3,walk
1499070404,60.0287933,30.3678366,4,walk
1499070465,60.0294067,30.3675363,3,walk
1499070469,60.0295288,30.3661303,3,walk
1499070471,60.0295659,30.3669063,3,walk
1509604735,60.0176966,30.3745965,4,walk
1530017311,60.0003647,30.374713,3,walk
1530017313,60.0004588,30.3760057,4,walk
1530017316,60.0004782,30.375888,3,walk
1541395882,60.0111082,30.3822319,3,walk
1545699060,60.0181057,30.3859316,3,walk
1545699063,60.0217643,30.3864691,3,walk
1545699064,60.0219323,30.389347,3,walk
1545699077,60.0224996,30.3872714,3,walk
1545699087,60.0178232,30.3858757,3,walk
1545699088,60.0219735,30.3856366,3,walk
1545699090,60.0212023,30.3885282,3,walk
1545699102,60.0206069,30.3847883,3,walk
1545699103,60.0193492,30.3852913,3,walk
1545699104,60.0233061,30.3881363,3,walk
1545699107,60.0207745,30.3844172,3,walk
1545699109,60.0222351,30.3882303,4,walk
1545699112,60.0220363,30.3889575,4,walk
1545699122,60.0217477,30.3900284,4,walk
1545699125,60.0195275,30.3850655,3,walk
1545699128,60.0172673,30.3866966,3,walk
1545699134,60.0204612,30.3847471,3,walk
1545699141,60.0189414,30.3832773,3,walk
1545699142,60.0183359,30.3859317,3,walk
1545699150,60.019443,30.3850403,3,walk
1545699158,60.0190427,30.3850124,3,walk
1545699161,60.020177,30.3857557,3,walk
1545699170,60.0198024,30.3840629,3,walk
1545699178,60.015974,30.3855657,3,walk
1545699179,60.021483,30.3874498,3,walk
1545699181,60.0235933,30.3871231,3,walk
1545699186,60.023129,30.38754,4,walk
1545703158,60.0199761,30.3880625,4,walk
1545703160,60.0195638,30.3838347,3,walk
1545703163,60.0191865,30.3844144,4,walk
1545703167,60.0199521,30.3881485,3,walk
1545703170,60.0191851,30.3834764,3,walk
1545703171,60.0191775,30.3865716,3,walk
1545703175,60.0205023,30.3882737,3,walk
1545703178,60.0190769,30.3869962,4,walk
1545703179,60.0214511,30.3875578,3,walk
1545707837,60.0201853,30.3895056,4,walk
1545707838,60.0187384,30.3879451,4,walk
1545707840,60.0230143,30.3905659,3,walk
1545707842,60.0189961,30.3858002,3,walk
1545707844,60.0221162,30.3895924,3,walk
1545707845,60.0189375,30.3881727,4,walk
1545707847,60.0197285,30.3889592,4,walk
1545707851,60.0192458,30.3884959,4,walk
1545707853,60.0233568,30.3893255,3,walk
1545707855,60.0216449,30.391247,4,walk
1545707857,60.02153,30.3911323,3,walk
1545707858,60.0180319,30.3870378,5,walk
1545707859,60.0190312,30.3874815,3,walk
1545707860,60.0188799,30.3863198,3,walk
1545707861,60.0207922,30.3901694,4,walk
1545707863,60.0191568,30.3884023,4,walk
1545707866,60.0229292,30.3909965,3,walk
1545710147,60.0182314,30.3863125,4,walk
1545710154,60.0176831,30.3864386,4,walk
1545710155,60.0221495,30.3917916,4,walk
1545710158,60.0218528,30.3905059,4,walk
1545710159,60.0209368,30.3895514,4,walk
1545710165,60.0231721,30.3912677,4,walk
1545710168,60.0189526,30.3868929,3,walk
1545710187,60.0231175,30.3914653,5,walk
1545710189,60.0205871,30.38995,3,walk
1545710193,60.017361,30.3865393,5,walk
1545710198,60.0201362,30.3894466,3,walk
1545710200,60.0206468,30.3892577,4,walk
1545710202,60.0202553,30.389583,3,walk
1545710207,60.0199946,30.388176,3,walk
1545710209,60.0210959,30.3889283,3,walk
1545734088,60.025284,30.3887569,3,walk
1545734105,60.0205994,30.3848804,3,walk
1545734129,60.0249829,30.3872255,3,walk
1545734131,60.0176033,30.3867615,4,walk
1545734134,60.024512,30.3879176,3,walk
1545734140,60.0249771,30.3884233,4,walk
1545734161,60.0164544,30.3848895,4,walk
1545734169,60.0218315,30.3861934,3,walk
1545734172,60.0253212,30.3891108,3,walk
1545734174,60.0162653,30.3843504,3,walk
1545734182,60.024728,30.3886124,3,walk
1545734203,60.0251407,30.3922615,3,walk
1545734205,60.0253848,30.3909018,3,walk
1545734232,60.017789,30.3869371,3,walk
1545734234,60.0253689,30.390824,4,walk
1545734241,60.0243853,30.3926382,5,walk
1545734246,60.025449,30.3908542,3,walk
1545734249,60.0175729,30.3868817,3,walk
1547410995,60.0158492,30.3941314,3,walk
1547410996,60.0156694,30.3948194,3,walk
1547411006,60.0152562,30.3952497,4,walk
1547411009,60.0165309,30.3974084,3,walk
1547411013,60.017486,30.3951019,3,walk
1547411015,60.0172517,30.3945598,3,walk
1547411018,60.0160815,30.3870655,3,walk
1547411020,60.01888,30.3906669,4,walk
1547411028,60.0181054,30.3926719,3,walk
1547411035,60.0168073,30.3939582,3,walk
1547411053,60.0187206,30.3909876,3,walk
1547411056,60.0167067,30.3941341,3,walk
1547411058,60.0181536,30.3921071,3,walk
1547411068,60.0189581,30.3941598,3,walk
1547411071,60.0178267,30.3923759,4,walk
1547411072,60.018943,30.3934842,4,walk
1547411074,60.0185059,30.3897585,3,walk
1547411076,60.0165425,30.3948162,3,walk
1547411078,60.0185816,30.3893194,3,walk
1547411079,60.0184624,30.3907499,3,walk
1547411092,60.0184168,30.3936317,3,walk
1547411094,60.0162688,30.3971582,4,walk
1547411103,60.0160215,30.3935012,3,walk
1547411111,60.0170339,30.3941676,4,walk
1547411113,60.015089,30.395925,3,walk
1547453965,60.0190067,30.3997989,3,walk
1547453974,60.0195605,30.3986387,5,walk
1547453977,60.0170907,30.393931,3,walk
1547453979,60.0200102,30.3991288,3,walk
1547453988,60.0184978,30.3966386,3,walk
1547453991,60.0205195,30.3996859,3,walk
1547453994,60.0208653,30.3984197,5,walk
1547454015,60.0191931,30.4001168,3,walk
1547454019,60.0186609,30.3959574,3,walk
1547454033,60.021786,30.3960319,3,walk
1547454047,60.0222388,30.4006735,3,walk
1547454061,60.0189275,30.402154,3,walk
1547454099,60.0176237,30.4000194,3,walk
1547454112,60.0207576,30.3997481,3,walk
1547454138,60.0177119,30.3987451,3,walk
1547454150,60.0165103,30.3933736,3,walk
1547454214,60.0224642,30.3985829,3,walk
1547454222,60.021127,30.4021667,3,walk
1547454226,60.0205177,30.3952875,3,walk
1547454228,60.0185857,30.399744,3,walk
1547454230,60.0214043,30.3974661,4,walk
1547454285,60.0210535,30.3952286,4,walk
1547454311,60.0216395,30.4033221,3,walk
1547454316,60.0219365,30.4036145,3,walk
1547454370,60.0182163,30.3977419,4,walk
1547454380,60.0205559,30.3995527,3,walk
1547454428,60.0173628,30.3964999,3,walk
1547454472,60.0206205,30.4017173,3,walk
1547454488,60.0211877,30.3995145,3,walk
1547454497,60.0216716,30.4036265,3,walk
1547454504,60.0154052,30.3949194,3,walk
1547454515,60.0221629,30.3997346,3,walk
1547454524,60.0175311,30.3999214,4,walk
1547454527,60.0214302,30.4019509,3,walk
1547454531,60.0188012,30.3989589,3,walk
1547454577,60.0221829,30.3941194,3,walk
1547454587,60.0222959,30.3942573,3,walk
1547454597,60.0203967,30.4039029,3,walk
1547454617,60.0154891,30.3950499,3,walk
1547454631,60.0210982,30.3985251,4,walk
1547454644,60.018321,30.3973338,3,walk
1547454649,60.0209964,30.4026417,3,walk
1547454706,60.0190401,30.4006443,3,walk
1547454728,60.0217756,30.4040798,3,walk
1547454776,60.0187834,30.401568,3,walk
1547454780,60.0206024,30.4042993,3,walk
1547454847,60.0174909,30.3998341,3,walk
1547454857,60.0220783,30.403789,3,walk
1547454861,60.0219085,30.4017722,3,walk
1547454864,60.0203559,30.3978627,4,walk
1547454887,60.0212484,30.4043216,3,walk
1547454959,60.0173962,30.3926572,4,walk
1547454967,60.015481,30.3945951,3,walk
1547477789,60.0214563,30.392368,3,walk
1547477792,60.0210107,30.3948456,3,walk
1547477800,60.0216203,30.3958457,4,walk
1547477805,60.0191197,30.394122,4,walk
1547477808,60.0210658,30.3931871,3,walk
1547477814,60.0209511,30.3936463,3,walk
1547477822,60.0208879,30.3930264,3,walk
1547477826,60.0178805,30.3885382,3,walk
1547477829,60.0212625,30.3971616,4,walk
1547477835,60.018597,30.3951233,3,walk
1547477841,60.0208463,30.3948927,3,walk
1547477861,60.0195209,30.3936174,3,walk
1547477863,60.0158586,30.3894005,3,walk
1547477864,60.0207211,30.3946154,3,walk
1547477868,60.0188147,30.3953438,3,walk
1547477869,60.0177704,30.3951007,4,walk
1547477876,60.0176688,30.3893846,3,walk
1547477879,60.020489,30.3947539,3,walk
1547477885,60.0192334,30.3937348,3,walk
1547477901,60.0175158,30.3994849,3,walk
1547477905,60.0171892,30.3948068,3,walk
1547477907,60.0202168,30.3910657,3,walk
1547477914,60.0173256,30.3890246,3,walk
1547477946,60.0206957,30.3965445,4,walk
1547489189,60.0188953,30.3913491,3,walk
1547489192,60.0200866,30.3902787,4,walk
1547489193,60.0192725,30.3909607,4,walk
1547489196,60.0189339,30.3899556,3,walk
1547489214,60.0191438,30.3914984,3,walk
1547489216,60.0228213,30.3970125,3,walk
1547489220,60.0191634,30.3928789,3,walk
1547489222,60.0193992,30.3903483,3,walk
1547489226,60.0189104,30.3920283,3,walk
1547489232,60.0189256,30.3927058,3,walk
1547489237,60.023234,30.3970621,3,walk
1547496103,60.0152687,30.3967488,4,walk
1547496105,60.0142218,30.3957203,4,walk
1547496108,60.0141718,30.397037,4,walk
1547496111,60.0149838,30.3978175,4,walk
1547496113,60.015406,30.3962388,4,walk
1547496115,60.0154477,30.3982103,4,walk
1547496117,60.0161126,30.3969792,4,walk
1547496124,60.0145604,30.395413,3,walk
1547496127,60.0156771,30.3972873,4,walk
1547496129,60.0144769,30.3957603,3,walk
1547496132,60.0136435,30.3965206,4,walk
1547496135,60.0139458,30.3968161,4,walk
1547496137,60.0157277,30.3984846,4,walk
1547507588,60.0174053,30.4111892,3,walk
1547507590,60.0190401,30.4097196,4,walk
1547507591,60.017494,30.4108701,3,walk
1547507592,60.0178492,30.4116583,3,walk
1547507593,60.014431,30.3972907,3,walk
1547507597,60.0146157,30.3971784,3,walk
1547507599,60.0173111,30.4115687,3,walk
1547507602,60.0177855,30.4120477,3,walk
1547526914,60.0169674,30.4100878,3,walk
1547526915,60.0159192,30.4107628,3,walk
1547526917,60.0171882,30.4102958,4,walk
1547526943,60.0164466,30.4102256,3,walk
1547526955,60.018709,30.4082973,3,walk
1547526957,60.0172877,30.4099148,3,walk
1552709937,60.0254527,30.3963264,3,walk
1552709939,60.0256117,30.3964846,3,walk
1552709945,60.025747,30.3966798,4,walk
1552709946,60.0263004,30.3971643,3,walk
1558228019,60.0278078,30.3683599,4,walk
1558238236,59.9995244,30.3770653,4,walk
1558238239,60.0003211,30.3722747,4,walk
1558238247,60.0229197,30.4073064,4,walk
1558238248,60.0229442,30.4073337,4,walk
1578960967,60.0167123,30.3802684,4,walk
1578960968,60.0168431,30.3802282,3,walk
1578962012,60.0168037,30.3709527,3,walk
1578962017,60.0176021,30.373588,3,walk
1630077173,60.0060518,30.3808217,3,walk
1630077777,60.0072597,30.3786099,4,walk
1638269959,60.0018507,30.3749538,3,walk
1638269999,60.0049865,30.382778,3,walk
1638270007,60.0053925,30.3770521,4,walk
1638270017,60.0057119,30.3784244,3,walk
1638270020,60.0058849,30.3773859,4,walk
1638270037,60.007056,30.3705006,4,walk
1638270040,60.0071461,30.3704366,4,walk
1638270045,60.0073055,30.3781296,4,walk
1638270046,60.0077478,30.3754524,4,walk
1638270096,60.0083998,30.3713379,3,walk
1638270097,60.0084194,30.3714539,3,walk
1638270098,60.0085879,30.3714755,4,walk
1648824169,60.0048354,30.3803139,3,walk
1658102751,60.0129378,30.397349,5,walk
1658102790,60.0131822,30.3982851,3,walk
1658102805,60.013354,30.3976098,3,walk
1658342332,59.9997254,30.3669349,3,walk
1658342372,60.0002334,30.3685258,3,walk
1658342379,60.000266,30.3668912,4,walk
1658342407,60.0004492,30.3683972,3,walk
1658342410,60.0008514,30.3672082,3,walk
1658342429,60.0005478,30.3775676,4,walk
1658342447,60.0006292,30.3672505,3,walk
1658342504,60.0048254,30.3796503,4,walk
1659010118,60.0206872,30.4039527,3,walk
1659010133,60.0210406,30.4026878,3,walk
1659010134,60.0210532,30.4048781,3,walk
1659010135,60.0210592,30.4037839,4,walk
1659010136,60.021072,30.4042508,4,walk
1659010137,60.0210853,30.4047751,3,walk
1659010140,60.021265,30.4022593,3,walk
1659010152,60.0217534,30.4027591,3,walk
1659010159,60.0221548,30.4037144,3,walk
1659010160,60.0221456,30.4031494,4,walk
1659010162,60.0221595,30.4015824,3,walk
1659363428,59.9974253,30.3755356,4,walk
1659363438,59.9976939,30.3747159,3,walk
1659363441,59.9979109,30.3748288,3,walk
1659363443,59.9981021,30.3747872,3,walk
1659363471,59.9989392,30.3717057,3,walk
1659363527,60.000036,30.3698711,3,walk
1659363529,60.0001137,30.371004,3,walk
1659363543,60.0031078,30.375142,3,walk
1659363544,60.0034853,30.3729677,3,walk
1659719397,60.0011482,30.3676152,4,walk
1663209497,60.0023309,30.3694476,4,walk
1663209599,60.0027021,30.3684548,3,walk
1663209704,60.0030954,30.370045,4,walk
1667581063,59.9972823,30.3775096,3,walk
1669786268,60.0000743,30.3696383,3,walk
1669786272,60.000163,30.369105,3,walk
1677401159,60.004639,30.3826746,3,walk
1677401160,60.0049983,30.3823285,3,walk
1677401161,60.0053822,30.3800352,4,walk
1677401163,60.0053838,30.3784846,3,walk
1683200710,60.0049622,30.3838001,3,walk
1683218132,60.0133301,30.395099,4,walk
1683218133,60.0135941,30.3930335,3,walk
1683218135,60.0134128,30.3935163,4,walk
1683469183,60.0019058,30.3816137,3,walk
1684919431,60.0083783,30.3913256,3,walk
1684919436,60.0076104,30.3889499,3,walk
1685473214,60.0118383,30.3936703,4,walk
1685473238,60.011768,30.3943516,3,walk
1685473273,60.0131201,30.3933874,3,walk
1685473277,60.01152,30.3949202,3,walk
1717582932,60.0116588,30.4075308,3,walk
1717582939,60.0117097,30.4073351,3,walk
1717582973,60.0122925,30.4063662,3,walk
1723362469,59.9987524,30.3715854,3,walk
1723362470,59.9988757,30.3690887,3,walk
1723362471,59.9989158,30.3688057,3,walk
1723379195,60.0116339,30.394898,3,walk
1725870343,60.0081585,30.3857329,3,walk
1725870345,60.0126183,30.389425,3,walk
1726312228,59.9970976,30.3753567,4,walk
1726312232,60.0071631,30.38865,4,walk
1735334587,60.0166546,30.3682714,5,walk
1735334594,60.0167101,30.3692077,4,walk
1735334638,60.0168602,30.3683509,3,walk
1735334658,60.0169139,30.3688339,4,walk
1735334663,60.0169589,30.3683522,3,walk
1735334687,60.0170427,30.367873,3,walk
1735334715,60.0171296,30.3700602,4,walk
1735334719,60.017145,30.3682619,5,walk
1735334738,60.0172168,30.3682038,3,walk
1735334741,60.0172266,30.3678282,3,walk
1735334743,60.0172338,30.3680034,3,walk
1735334745,60.0172882,30.367867,3,walk
1735334872,60.0176643,30.3681853,4,walk
1735334888,60.0176919,30.3684121,4,walk
1735334894,60.0176994,30.3678046,3,walk
1735335005,60.017918,30.369385,5,walk
1735335012,60.0180541,30.3726337,4,walk
1735335014,60.0180992,30.3726196,4,walk
1735335018,60.0181349,30.3676874,3,walk
1735335034,60.0183142,30.3713453,3,walk
1735335044,60.0183376,30.3691718,3,walk
1735335045,60.0183636,30.3676428,4,walk
1735335050,60.0184177,30.3726079,3,walk
1735335093,60.0186115,30.3725443,3,walk
1735335100,60.0186212,30.3679147,3,walk
1735335108,60.0187169,30.3733821,4,walk
1735335116,60.0187329,30.3687182,3,walk
1735335119,60.0187762,30.3737726,3,walk
1735335143,60.0189677,30.3733633,3,walk
1735335147,60.0190034,30.3716939,3,walk
1735335165,60.0191336,30.3737265,3,walk
1735335167,60.0191383,30.369484,3,walk
1735335187,60.0192795,30.3689955,3,walk
1735335189,60.0192811,30.3729506,3,walk
1735335190,60.0193073,30.3721701,3,walk
1735335211,60.0194105,30.3693221,3,walk
1748895066,60.009554,30.3939488,3,walk
1766508636,60.0213449,30.3988193,3,walk
1766508642,60.021434,30.3984453,3,walk
1766508665,60.0224359,30.3928563,4,walk
1766508700,60.0226327,30.3923128,4,walk
1766508786,60.023952,30.3957912,3,walk
1766508791,60.0240033,30.3961947,3,walk
1766508856,60.0242255,30.3964293,3,walk
1766508906,60.0249165,30.3924639,3,walk
1766508908,60.0249092,30.3922994,3,walk
1766508910,60.0250441,30.3922597,3,walk
1766508912,60.0250682,30.3949517,3,walk
1766509267,60.0261832,30.3869367,3,walk
1766509291,60.0263191,30.3892365,4,walk
1766509338,60.0264355,30.3900577,4,walk
1766509377,60.0267391,30.3889851,3,walk
1766509393,60.0267557,30.3876348,4,walk
1766509397,60.026779,30.3876702,3,walk
1766509409,60.0268729,30.3885128,3,walk
1766623836,60.0255288,30.3912967,3,walk
1768949924,60.0071892,30.3793748,3,walk
1768949928,60.0074098,30.38546,4,walk
1768949931,60.0081847,30.3800688,3,walk
1768949932,60.0082815,30.379497,3,walk
1768949936,60.0084526,30.3793048,3,walk
1768949938,60.0088255,30.3762478,3,walk
1783425963,60.0035668,30.3728298,3,walk
1783425974,60.0026193,30.3737468,3,walk
1783425976,60.0025437,30.3738048,3,walk
1783425978,60.0024534,30.3736418,3,walk
1783425985,60.0019616,30.3732878,3,walk
1783425993,60.0016828,30.3739763,3,walk
1783425995,60.0017179,30.3740805,3,walk
1783425999,60.0017642,30.3742039,3,walk
1783426003,60.0018778,30.3747784,3,walk
1783426015,60.0024913,30.3748388,3,walk
1783426017,60.00248,30.3746396,3,walk
1783426039,60.0022716,30.3747037,3,walk
1815692602,60.007,30.3851808,3,walk
1815692618,60.0076535,30.3806482,3,walk
1815741010,60.0063199,30.3819769,4,walk
1815741011,60.0064552,30.3825353,3,walk
1815741012,60.0064703,30.3811809,3,walk
1824927946,60.0069026,30.382746,3,walk
1824927948,60.0071109,30.3815028,3,walk
1825587121,60.0033667,30.3757139,4,walk
1825587129,60.0075305,30.3802502,4,walk
1825587131,60.0077152,30.3802445,3,walk
1825587133,60.0081066,30.3805121,3,walk
1865260720,60.0195823,30.3933316,3,walk
1867347337,60.0130633,30.3973008,4,walk
1867347338,60.0131876,30.3933469,3,walk
1867347350,60.0134529,30.3952174,4,walk
1867347371,60.0135333,30.3952977,4,walk
1867347406,60.013922,30.3933614,4,walk
1867347416,60.013993,30.3934352,4,walk
1867347461,60.0143925,30.3910094,3,walk
1867347480,60.0145703,30.3900903,4,walk
1867347484,60.0146626,30.3901564,4,walk
1867347487,60.0150836,30.3878408,4,walk
1867347488,60.0151505,30.387467,4,walk
1867347490,60.0156109,30.3847318,4,walk
1867347491,60.016168,30.381493,3,walk
1867365629,60.012869,30.3881966,4,walk
1867365640,60.0129328,30.3879297,3,walk
1867365644,60.0130036,30.3873922,3,walk
1867365652,60.0130955,30.3948255,4,walk
1867365668,60.0132275,30.3880867,3,walk
1867365767,60.0141067,30.3865745,3,walk
1867365813,60.0142608,30.3864533,3,walk
1867365853,60.0154726,30.3855321,3,walk
1946361014,60.0071444,30.3829134,3,walk
1951128768,60.0131738,30.396826,3,walk
1952826496,60.0070553,30.3841404,3,walk
1952826503,60.0079857,30.3820691,4,walk
1958838413,60.007053,30.3801962,3,walk
1958838414,60.0070896,30.3816308,3,walk
1958838417,60.0071172,30.384467,3,walk
1958838420,60.0071479,30.3812921,3,walk
1958838425,60.0074668,30.3805371,3,walk
1963683779,59.9974096,30.3774896,3,walk
1963683784,59.9977054,30.3731516,4,walk
1963683786,59.9978881,30.3732495,3,walk
1963683796,59.998284,30.3734734,3,walk
1963683801,59.99824,30.3707488,3,walk
1963683805,59.9983418,30.3696223,4,walk
1963683808,59.9983493,30.3728167,3,walk
1963683811,59.998371,30.3699894,3,walk
1963683822,59.9986236,30.3730096,3,walk
1963683836,59.9987283,30.3724256,3,walk
1963683837,59.9987676,30.3665081,3,walk
1963683840,59.9989274,30.3766668,3,walk
1963683861,59.9991138,30.3762986,3,walk
1963683863,59.9991417,30.3747613,3,walk
1963683864,59.9991586,30.376033,3,walk
1963683868,59.9992047,30.3757548,4,walk
1963683870,59.9992392,30.3742162,4,walk
1963683878,59.9994017,30.3769834,3,walk
1963683883,59.9994445,30.3765221,3,walk
1963683887,59.9994893,30.3762566,3,walk
1963683902,59.9995354,30.3759784,3,walk
1963683932,59.9996263,30.3756296,3,walk
1963683973,59.9998828,30.3741001,3,walk
1963683996,60.0005175,30.3689221,3,walk
1963684008,60.0037383,30.3722653,4,walk
1963684013,60.0045101,30.3710662,4,walk
1963684014,60.004552,30.3705437,3,walk
1963684022,60.0048206,30.3707326,4,walk
1963684026,60.0049429,30.371346,4,walk
1963684035,60.0050638,30.3709046,3,walk
1963684046,60.0051776,30.3705359,3,walk
1963684049,60.0053155,30.3697486,3,walk
1963684058,60.0070317,30.3716914,3,walk
1976604204,60.0090318,30.393062,4,walk
1976604206,60.0096618,30.3936889,3,walk
1976604285,60.011393,30.3954383,4,walk
1976604334,60.0120172,30.3960811,4,walk
1976604345,60.0121911,30.3954073,4,walk
1976604348,60.0122949,30.39641,3,walk
1976604353,60.0124146,30.3965262,3,walk
1976604354,60.0124048,30.3956327,3,walk
1976604386,60.0128501,30.3962801,4,walk
1976604395,60.0129349,30.3963677,4,walk
1976604403,60.0130398,30.3965081,4,walk
1976604404,60.0130658,30.3958234,4,walk
1976604409,60.0132346,30.3959792,4,walk
1976604436,60.0133484,30.396086,3,walk
1996941825,60.0317161,30.3656267,3,walk
1996941826,60.0317346,30.3652606,3,walk
1996941828,60.0318971,30.3659574,3,walk
2001202704,59.9990505,30.3710385,3,walk
2001202758,60.0008964,30.3691624,4,walk
2001263481,59.9982826,30.3679055,3,walk
2001263490,59.9989421,30.3757795,3,walk
2001263496,59.9997344,30.3757885,3,walk
2013406642,60.0068121,30.390726,3,walk
2024822673,60.0104949,30.3865533,3,walk
2046993407,60.0233035,30.4077097,4,walk
2053263438,60.014118,30.3721343,3,walk
2053263440,60.0144194,30.3719604,3,walk
2053263442,60.0150714,30.3708369,3,walk
2053263444,60.0151267,30.3707047,3,walk
2053263447,60.0154742,30.3692746,3,walk
2053263841,60.0150027,30.3694567,3,walk
2054936012,60.0148509,30.3716456,4,walk
2056774033,59.9975357,30.377659,4,walk
2056774035,59.9975598,30.377581,4,walk
2056774045,59.9982423,30.3748813,3,walk
2056774055,59.9988691,30.3654178,4,walk
2056774074,59.9992646,30.3653357,3,walk
2056774076,59.9992387,30.3655683,4,walk
2056774122,60.0002502,30.379936,4,walk
2061520306,60.00697,30.3699179,3,walk
2061520307,60.0070042,30.3703324,5,walk
2061520310,60.0070842,30.3701494,4,walk
2061520312,60.0071499,30.3701885,3,walk
2061520315,60.0072251,30.3701718,3,walk
2061520323,60.0074342,30.3701154,3,walk
2061520343,60.0078564,30.3754049,4,walk
2061520362,60.0081863,30.3734894,4,walk
2061520378,60.0084311,30.3711416,3,walk
2061520390,60.0086349,30.3698238,3,walk
2061520394,60.008705,30.3707082,3,walk
2061520395,60.0087355,30.3698038,4,walk
2061520405,60.0088228,30.3702811,3,walk
2061520417,60.0089862,30.3703847,4,walk
2061520428,60.0090329,30.369656,3,walk
2061520446,60.0094578,30.3707157,3,walk
2061520449,60.0096056,30.3692561,3,walk
2061520465,60.0098748,30.3712041,3,walk
2061520472,60.0099079,30.3710127,4,walk
2061520487,60.010035,30.3702867,3,walk
2061520492,60.0100564,30.3713309,4,walk
2061520495,60.0100899,30.371125,4,walk
2061520500,60.0101412,30.3696171,3,walk
2061520505,60.0102049,30.3704593,3,walk
2061520509,60.010338,30.3696887,5,walk
2061520513,60.0104283,30.3694612,3,walk
2061520550,60.0118036,30.3691069,4,walk
2061520565,60.0122845,30.3689825,4,walk
2089352939,60.0179787,30.4122428,3,walk
2089352940,60.0183163,30.4123543,4,walk
2089352941,60.0191164,30.4131553,3,walk
2095802891,60.0134369,30.3972775,3,walk
2095802893,60.0135232,30.3969765,3,walk
2095802894,60.0135483,30.3973878,3,walk
2095802895,60.0135936,30.3970507,3,walk
2095802896,60.0136209,30.3973828,3,walk
2095802897,60.0137212,30.3962057,3,walk
2095802898,60.0137691,30.3976091,3,walk
2095802900,60.0138357,30.3973616,3,walk
2095802901,60.0138474,30.3973181,3,walk
2095802903,60.0139411,30.3953433,4,walk
2095802905,60.013992,30.3978324,3,walk
2095802906,60.0140422,30.3975234,3,walk
2095802908,60.0140677,30.3975502,3,walk
2095802912,60.0141768,30.3980176,4,walk
2095802913,60.0142461,30.397738,4,walk
2095802915,60.0143251,30.3938354,3,walk
2095802916,60.0143472,30.3937437,3,walk
2095802918,60.0143714,30.3972324,3,walk
2095802919,60.0143807,30.3936047,3,walk
2095802921,60.0143923,30.3935562,3,walk
2095802922,60.0144158,30.393459,3,walk
2095802926,60.0144365,30.3959229,4,walk
2095802928,60.0144459,30.3982872,4,walk
2095802929,60.0144546,30.3932974,3,walk
2095802931,60.014478,30.3932004,3,walk
2095802933,60.0144902,30.3931497,3,walk
2095802935,60.0145141,30.3980042,3,walk
2095802936,60.0145156,30.3930442,3,walk
2095802938,60.0145398,30.3929439,3,walk
2095802942,60.014579,30.3927807,3,walk
2095802945,60.0146049,30.3974609,5,walk
2095802947,60.0146298,30.3925697,3,walk
2095802949,60.0146456,30.3961247,3,walk
2095802950,60.0146619,30.3937389,3,walk
2095802952,60.0146778,30.3973828,3,walk
2095802953,60.0146847,30.3959615,3,walk
2095802954,60.0146898,30.3923205,3,walk
2095802955,60.0147167,30.3922087,3,walk
2095802957,60.0147505,30.3920587,3,walk
2095802961,60.0147976,30.3918242,4,walk
2095802964,60.0148466,30.3983345,3,walk
2095802965,60.0148625,30.3987077,3,walk
2095802968,60.0148918,30.3963753,3,walk
2095802970,60.0149327,30.3984201,3,walk
2095802971,60.0149453,30.3987912,3,walk
2095802977,60.0150191,30.3985059,3,walk
2095802978,60.0150297,30.3926833,3,walk
2095802980,60.0150746,30.3985611,3,walk
2095802982,60.015097,30.3900857,4,walk
2095802986,60.0151046,30.3973643,3,walk
2095802989,60.0151178,30.3942123,3,walk
2095802991,60.0151439,30.3898171,3,walk
2095802996,60.0151701,30.389666,3,walk
2095803003,60.0152071,30.398023,4,walk
2095803004,60.0152084,30.3894441,3,walk
2095803011,60.0152419,30.3968492,3,walk
2095803018,60.0153207,30.3887954,3,walk
2095803020,60.0153322,30.3929092,3,walk
2095803021,60.0153681,30.388521,3,walk
2095803022,60.0153862,30.3884166,3,walk
2095803023,60.0154059,30.3883027,3,walk
2095803026,60.0154161,30.3882439,3,walk
2095803027,60.0154256,30.3858615,3,walk
2095803030,60.0154327,30.3900274,3,walk
2095803032,60.015454,30.3970627,4,walk
2095803034,60.0154724,30.3879183,3,walk
2095803039,60.0155104,30.3993616,4,walk
2095803041,60.0155224,30.3876291,3,walk
2095803047,60.0155835,30.3990667,3,walk
2095803049,60.0156074,30.3871372,4,walk
2095803054,60.0156426,30.3994954,3,walk
2095803056,60.01564,30.3860117,3,walk
2095803059,60.0156703,30.3964923,3,walk
2095803063,60.0156875,30.3866755,3,walk
2095803070,60.0157887,30.3861176,3,walk
2095803071,60.0157856,30.386742,3,walk
2095803073,60.0157945,30.3872677,3,walk
2095803076,60.0158238,30.3859083,3,walk
2095803080,60.0158632,30.3986173,3,walk
2095803082,60.0158767,30.3862287,3,walk
2095803085,60.015908,30.3939163,3,walk
2095803091,60.0159651,30.3975564,3,walk
2095803097,60.0159251,30.3813197,4,walk
2095803101,60.0160332,30.3841603,4,walk
2095803109,60.0160726,30.3961753,4,walk
2095803110,60.0160765,30.3814261,4,walk
2095803117,60.0160984,30.3863718,3,walk
2095803134,60.0161668,30.384262,3,walk
2095803135,60.0161849,30.3864314,4,walk
2095803143,60.0162041,30.3966662,4,walk
2095803150,60.0162548,30.3909466,3,walk
2095803152,60.01626,30.3953885,3,walk
2095803155,60.0163015,30.3970296,3,walk
2095803165,60.0163308,30.3988412,3,walk
2095803169,60.0163499,30.3958351,4,walk
2095803172,60.0163797,30.3959833,3,walk
2095803180,60.0164096,30.3965741,4,walk
2095803182,60.0164141,30.3971497,4,walk
2095803184,60.0164645,30.3792431,4,walk
2095803186,60.0164271,30.3902572,3,walk
2095803188,60.0164405,30.3973221,3,walk
2095803194,60.0164544,30.3902845,3,walk
2095803197,60.0164937,30.3975584,3,walk
2095803198,60.0165085,30.3952861,4,walk
2095803201,60.0165123,30.3813986,4,walk
2095803207,60.0165764,30.4004401,4,walk
2095803209,60.0165805,30.3867012,4,walk
2095803212,60.0165853,30.3946384,3,walk
2095803218,60.0166012,30.3971306,3,walk
2095803223,60.0166284,30.3987123,3,walk
2095803229,60.0166417,30.4001145,3,walk
2095803239,60.0166723,30.3985267,3,walk
2095803244,60.0167048,30.393845,3,walk
2095803248,60.0167565,30.3936101,3,walk
2095803249,60.01676,30.3996462,3,walk
2095803250,60.0167731,30.3888764,3,walk
2095803251,60.0167735,30.3980982,3,walk
2095803262,60.0167962,30.4000719,4,walk
2095803267,60.0168115,30.3950125,3,walk
2095803275,60.0168584,30.4007253,3,walk
2095803285,60.0169124,30.3959006,3,walk
2095803289,60.0169504,30.3944728,3,walk
2095803291,60.0169652,30.399008,3,walk
2095803295,60.0170058,30.3955316,3,walk
2095803300,60.0170305,30.3842647,3,walk
2095803306,60.0170355,30.3863217,4,walk
2095803313,60.0170911,30.3883346,3,walk
2095803316,60.0171043,30.3998949,3,walk
2095803324,60.0171416,30.3780399,3,walk
2095803330,60.0171682,30.3999693,3,walk
2095803333,60.0171722,30.3958053,3,walk
2095803341,60.0172142,30.3832585,3,walk
2095803344,60.0172328,30.391924,3,walk
2095803346,60.0172351,30.3893701,3,walk
2095803354,60.0172803,30.3917292,3,walk
2095803363,60.0172977,30.3952704,3,walk
2095803365,60.0173043,30.3827656,3,walk
2095803372,60.0173142,30.3879252,3,walk
2095803376,60.0173258,30.3884751,3,walk
2095803377,60.0173277,30.4012001,4,walk
2095803392,60.0173719,30.3949885,4,walk
2095803396,60.0174061,30.3916672,4,walk
2095803397,60.017396,30.388548,3,walk
2095803398,60.017396,30.3912555,3,walk
2095803400,60.0173999,30.3879984,3,walk
2095803408,60.0174109,30.3873951,4,walk
2095803411,60.0174341,30.3885858,3,walk
2095803412,60.0174345,30.3882435,4,walk
2095803418,60.0174543,30.3832899,3,walk
2095803422,60.0174692,30.3884953,4,walk
2095803426,60.017486,30.3833955,3,walk
2095803427,60.0174898,30.3886455,3,walk
2095803428,60.0174905,30.3908686,3,walk
2095803432,60.0175032,30.3880976,3,walk
2095803436,60.0175261,30.3835428,3,walk
2095803446,60.0175553,30.3869526,3,walk
2095803450,60.0175717,30.3947684,3,walk
2095803457,60.0176121,30.3957267,3,walk
2095803468,60.0176765,30.3909937,3,walk
2095803469,60.0176835,30.4015497,3,walk
2095803474,60.0177071,30.3883241,3,walk
2095803478,60.0177192,30.3905725,4,walk
2095803479,60.0177193,30.3927824,3,walk
2095803493,60.0177799,30.3889466,4,walk
2095803511,60.017828,30.3762584,4,walk
2095803518,60.0178807,30.3893457,3,walk
2095803528,60.0179329,30.389125,4,walk
2095803530,60.0179362,30.3902975,3,walk
2095803539,60.017959,30.4001679,3,walk
2095803541,60.01796,30.3932562,3,walk
2095803573,60.0180724,30.4008623,3,walk
2095803578,60.0180838,30.4008151,3,walk
2095803582,60.0180759,30.3887561,3,walk
2095803586,60.0181048,30.390091,3,walk
2095803599,60.0181726,30.3993421,3,walk
2095803602,60.0181799,30.3898108,3,walk
2095803603,60.0181947,30.3851881,3,walk
2095803607,60.0182357,30.3928096,3,walk
2095803609,60.0182618,30.3862011,4,walk
2095803611,60.0182853,30.3895892,3,walk
2095803617,60.0183162,30.3956534,3,walk
2095803618,60.0183162,30.3862948,4,walk
2095803623,60.0183379,30.3978728,3,walk
2095803628,60.0183782,30.3985214,3,walk
2095803635,60.0184387,30.3864793,3,walk
2095803651,60.0185293,30.3895763,3,walk
2095803661,60.0185539,30.387055,4,walk
2095803677,60.0186382,30.3976677,3,walk
2095803683,60.0186991,30.3958049,3,walk
2095803684,60.0186997,30.4025481,4,walk
2095803711,60.0187947,30.3867883,3,walk
2095803716,60.0188169,30.4009931,3,walk
2095803722,60.0188348,30.3957697,3,walk
2095803726,60.0187977,30.388906,4,walk
2095803739,60.0189069,30.3884363,3,walk
2095803747,60.0189352,30.4010218,3,walk
2095803748,60.0189547,30.394007,3,walk
2095803750,60.0189634,30.3831631,4,walk
2095803763,60.0189942,30.4017805,4,walk
2095803775,60.0190394,30.39809,3,walk
2095803780,60.019062,30.4006663,3,walk
2095803788,60.0191054,30.3892304,4,walk
2095803790,60.0191008,30.4023286,4,walk
2095803802,60.0191274,30.3964707,3,walk
2095803806,60.0191526,30.3885413,3,walk
2095803815,60.0191966,30.4000075,4,walk
2095803829,60.0193153,30.3983805,3,walk
2095803842,60.0193347,30.3857429,3,walk
2095803855,60.0193629,30.3982066,4,walk
2095803868,60.0194133,30.3980229,4,walk
2095803877,60.0194523,30.3953463,3,walk
2095803883,60.0194603,30.3981941,4,walk
2095803893,60.0195598,30.3869787,3,walk
2095803911,60.0195607,30.3897125,3,walk
2095803916,60.0196015,30.3973354,4,walk
2095803922,60.0196475,30.3983363,3,walk
2095803934,60.0197143,30.3839742,3,walk
2095803935,60.0197225,30.3980758,3,walk
2095803937,60.0197501,30.3871957,3,walk
2095803940,60.0197672,30.3967304,3,walk
2095803941,60.019706,30.3861113,3,walk
2095803957,60.0199079,30.3974256,3,walk
2095803963,60.0199471,30.3860636,3,walk
2095803975,60.0200205,30.3860914,4,walk
2095803981,60.0200458,30.3957135,3,walk
2095803986,60.0200809,30.3968192,3,walk
2095803998,60.0201352,30.4017488,3,walk
2095803999,60.020141,30.3976822,4,walk
2095804010,60.0202041,30.4017798,3,walk
2095804017,60.0201566,30.386166,4,walk
2095804020,60.0202623,30.3949454,4,walk
2095804026,60.0202815,30.3904893,4,walk
2095804027,60.0202645,30.4015101,3,walk
2095804031,60.0203221,30.4012949,3,walk
2095804033,60.0203553,30.4017725,4,walk
2095804035,60.0203365,30.4041473,4,walk
2095804037,60.0203575,30.3946076,3,walk
2095804048,60.0204141,30.4036547,3,walk
2095804051,60.0204366,30.3955721,3,walk
2095804057,60.0204578,30.3974214,3,walk
2095804061,60.0204754,30.3898264,3,walk
2095804065,60.0204949,30.3948638,4,walk
2095804067,60.0205125,30.3971989,4,walk
2095804074,60.0205401,30.3953086,3,walk
2095804075,60.0205506,30.3948376,4,walk
2095804076,60.0205586,30.3964172,3,walk
2095804077,60.0205713,30.4044275,5,walk
2095804079,60.0205636,30.3969971,3,walk
2095804080,60.0205638,30.3967467,3,walk
2095804105,60.0206337,30.3949502,4,walk
2095804107,60.0206361,30.3967469,3,walk
2095804111,60.020651,30.3973482,3,walk
2095804115,60.0206623,30.3969445,3,walk
2095804124,60.0206903,30.3947334,3,walk
2095804137,60.0207455,30.40434,3,walk
2095804148,60.0207979,30.3933646,3,walk
2095804156,60.0208288,30.4046936,3,walk
2095804165,60.0208648,30.4006496,3,walk
2095804170,60.0208835,30.3952893,4,walk
2095804174,60.0208958,30.3869889,4,walk
2095804180,60.0209105,30.4019483,3,walk
2095804191,60.0209704,30.3989839,3,walk
2095804193,60.0209754,30.3935536,3,walk
2095804209,60.0210085,30.400828,3,walk
2095804227,60.0210681,30.3986335,3,walk
2095804228,60.0210687,30.3978014,3,walk
2095804231,60.0210761,30.384724,3,walk
2095804239,60.0210914,30.3989137,4,walk
2095804242,60.0211098,30.3875731,3,walk
2095804245,60.0211204,30.3893818,3,walk
2095804249,60.0211462,30.389264,3,walk
2095804274,60.0212077,30.3971019,4,walk
2095804285,60.0212322,30.4045245,3,walk
2095804287,60.0212435,30.3882048,3,walk
2095804298,60.0213064,30.3987735,3,walk
2095804304,60.0213583,30.405175,4,walk
2095804307,60.0213578,30.4021105,3,walk
2095804308,60.0213587,30.3882021,3,walk
2095804317,60.0214079,30.3909504,4,walk
2095804324,60.0214727,30.4050135,3,walk
2095804334,60.0214912,30.3896463,4,walk
2095804337,60.0215083,30.4053209,3,walk
2095804342,60.0215407,30.4015054,3,walk
2095804344,60.0215603,30.3898255,3,walk
2095804347,60.0215833,30.3908563,3,walk
2095804348,60.0215836,30.3871321,3,walk
2095804349,60.0215754,30.3919073,4,walk
2095804352,60.0216111,30.3913672,4,walk
2095804355,60.0216153,30.4021349,3,walk
2095804362,60.0216328,30.391685,3,walk
2095804363,60.0216627,30.3911841,3,walk
2095804365,60.0216787,30.3903254,4,walk
2095804377,60.0217662,30.3918231,3,walk
2095804383,60.0217753,30.3907875,4,walk
2095804384,60.0217723,30.3921246,3,walk
2095804397,60.0218615,30.3911106,4,walk
2095804404,60.0219055,30.3919784,3,walk
2095804407,60.021913,30.3922628,3,walk
2095804410,60.0219339,30.3902205,3,walk
2095804413,60.0219544,30.3915811,3,walk
2095804419,60.022008,30.4056302,3,walk
2095804420,60.0220052,30.3923533,3,walk
2095804424,60.0220607,30.392147,4,walk
2095804429,60.0221187,30.3919151,3,walk
2095804432,60.0221558,30.4055804,3,walk
2095804435,60.0221983,30.4002,3,walk
2095804438,60.0222172,30.3918653,3,walk
2095804449,60.0222971,30.3927035,3,walk
2095804450,60.0223073,30.3933412,3,walk
2095804456,60.0223233,30.3879106,3,walk
2095804463,60.0223567,30.3933937,3,walk
2095804466,60.0223612,30.387773,4,walk
2095804469,60.0223843,30.3909084,3,walk
2095804477,60.0224093,30.394393,4,walk
2095804481,60.0224301,30.3907359,4,walk
2095804487,60.0224498,30.4039766,4,walk
2095804488,60.0224467,30.3949604,3,walk
2095804495,60.0224929,30.3945151,3,walk
2095804524,60.022585,30.3869445,4,walk
2095804530,60.0226103,30.3937295,3,walk
2095804534,60.0226255,30.3936795,3,walk
2095804546,60.0226945,30.3984185,3,walk
2095804553,60.0227226,30.3942706,3,walk
2095804558,60.0227402,30.3943555,4,walk
2095804563,60.0227562,30.4008499,3,walk
2095804564,60.0227709,30.386259,3,walk
2095804571,60.0228176,30.3925048,3,walk
2095804575,60.0228431,30.3939109,3,walk
2095804576,60.0228462,30.3995603,3,walk
2095804581,60.022872,30.3949907,3,walk
2095804586,60.0229172,30.3996453,3,walk
2095804590,60.0229467,30.398235,3,walk
2095804592,60.0229518,30.387346,3,walk
2095804607,60.0230644,30.3941463,3,walk
2095804638,60.023249,30.3874431,4,walk
2095804643,60.0232693,30.3969334,3,walk
2095804651,60.0233501,30.3879812,3,walk
2095804663,60.0234642,30.3869856,3,walk
2095804671,60.0235067,30.3946167,3,walk
2095804681,60.0236138,30.3947306,3,walk
2095804692,60.0238293,30.3966703,4,walk
2095804698,60.0239533,30.3964901,3,walk
2095804701,60.024028,30.396221,3,walk
2097398014,60.0115883,30.4047413,4,walk
2097398019,60.0126565,30.4004996,4,walk
2097398036,60.0131256,30.3986163,3,walk
2097398159,60.0142085,30.3997333,3,walk
2097398204,60.0147864,30.4002872,3,walk
2097398233,60.0152536,30.4007414,4,walk
2097398274,60.0168789,30.4023756,3,walk
2097398275,60.0169571,30.4020646,4,walk
2097398276,60.0169645,30.4024618,4,walk
2097398297,60.0179045,30.4034144,4,walk
2097398298,60.0183204,30.4038359,4,walk
2097398299,60.019972,30.4055094,4,walk
2097398301,60.0203659,30.4052744,3,walk
2097398302,60.0204502,30.4049266,3,walk
2097398303,60.0205267,30.4060628,3,walk
2097398311,60.0207857,30.406317,3,walk
2097398312,60.0208543,30.4059999,3,walk
2097398313,60.0208578,30.4060484,3,walk
2097398328,60.0209541,30.4064823,4,walk
2097398331,60.0210089,30.4065361,5,walk
2097398339,60.0211075,30.4073837,3,walk
2097398341,60.0211317,30.406082,3,walk
2097398342,60.0211384,30.4089067,4,walk
2097398353,60.0212999,30.4082748,4,walk
2097398361,60.0213704,30.4079963,4,walk
2097398368,60.0213826,30.4063377,3,walk
2097398384,60.0214705,30.4081201,3,walk
2097398399,60.0215786,30.4076871,3,walk
2097549330,60.0109662,30.4087187,4,walk
2097549363,60.0167967,30.4139689,3,walk
2097549367,60.0169452,30.4133816,3,walk
2097549372,60.0170983,30.4142785,4,walk
2097549378,60.0172812,30.4127384,3,walk
2097549379,60.0173863,30.4100071,3,walk
2097549383,60.0173832,30.4140637,3,walk
2097549407,60.017626,30.4130956,4,walk
2097549409,60.0176419,30.4044397,3,walk
2097549477,60.018123,30.4044771,4,walk
2097549497,60.018361,30.4115799,4,walk
2097549498,60.0183673,30.4058552,3,walk
2097549499,60.0183914,30.4093197,3,walk
2097549509,60.018717,30.4109696,4,walk
2097549510,60.0187677,30.4051899,4,walk
2097549517,60.0189988,30.4054316,3,walk
2097549521,60.0190897,30.4093244,3,walk
2097549528,60.0191762,30.4089847,3,walk
2097549532,60.0193281,30.4076616,3,walk
2097549535,60.0194809,30.4078009,3,walk
2097549536,60.0194995,30.4070131,3,walk
2097549538,60.0195758,30.4056549,4,walk
2097549539,60.0197508,30.4060617,3,walk
2097630971,60.0124981,30.4102585,4,walk
2097630981,60.0129208,30.4098802,3,walk
2097630982,60.0130547,30.4093059,3,walk
2097630991,60.0134846,30.410612,3,walk
2097630993,60.013489,30.4092329,3,walk
2097630996,60.0135438,30.4090005,3,walk
2097630997,60.0136374,30.4086036,4,walk
2097630999,60.0136544,30.4096786,3,walk
2097631000,60.0137478,30.4106194,3,walk
2097631004,60.0137591,30.4092163,3,walk
2097631005,60.0137629,30.4115323,4,walk
2097631008,60.0138962,30.4080482,6,walk
2097631009,60.013976,30.4111109,3,walk
2097631011,60.014023,30.4094808,3,walk
2097631014,60.014072,30.4027369,3,walk
2097631017,60.0140821,30.4072214,3,walk
2097631020,60.0141429,30.4077919,3,walk
2097631022,60.0141146,30.4054793,3,walk
2097631027,60.0141735,30.4031484,4,walk
2097631029,60.0142186,30.4066707,3,walk
2097631033,60.0142467,30.4108998,3,walk
2097631039,60.0143228,30.4120936,4,walk
2097631072,60.0145859,30.4123612,3,walk
2097631077,60.0145991,30.409456,4,walk
2097631085,60.0146572,30.405367,3,walk
2097631090,60.0147232,30.4124994,4,walk
2097631095,60.0147614,30.4125379,4,walk
2097631097,60.0147947,30.4055046,3,walk
2097631098,60.0148188,30.4120908,3,walk
2097631108,60.0149805,30.4116109,3,walk
2097631110,60.0150131,30.4101289,3,walk
2097631115,60.015039,30.4062364,3,walk
2097631117,60.0150952,30.4112997,3,walk
2097631118,60.0151421,30.4096209,3,walk
2097631119,60.0151216,30.4129006,4,walk
2097631123,60.0152534,30.4084175,3,walk
2097631125,60.0153068,30.410802,3,walk
2097631130,60.0153369,30.4108856,3,walk
2097631131,60.0153408,30.4106503,4,walk
2097631132,60.0153772,30.410492,4,walk
2097631133,60.0153802,30.4119806,4,walk
2097631135,60.0153895,30.4107012,3,walk
2097631142,60.015434,30.410545,3,walk
2097631145,60.0154649,30.4093128,4,walk
2097631150,60.0155017,30.409993,3,walk
2097631160,60.0155574,30.4100506,4,walk
2097631186,60.0157154,30.4123464,3,walk
2097631192,60.015741,30.4032314,5,walk
2097631197,60.0157655,30.4108688,4,walk
2097631204,60.0157928,30.4122767,3,walk
2097631218,60.0159048,30.4117571,5,walk
2097631220,60.0159145,30.4041682,3,walk
2097631230,60.0159672,30.4042222,3,walk
2097631245,60.01606,30.4041218,4,walk
2097631249,60.0160743,30.4120237,4,walk
2097631262,60.0161567,30.4044163,3,walk
2097631270,60.0162012,30.4131017,3,walk
2097631271,60.0162055,30.4039296,4,walk
2097631272,60.0161788,30.4045977,3,walk
2097631275,60.016212,30.4133752,3,walk
2097631277,60.0162291,30.4119403,3,walk
2097631280,60.0162364,30.4132856,3,walk
2097631283,60.0162498,30.412912,3,walk
2097631289,60.0162771,30.4131359,3,walk
2097631299,60.0163186,30.4118351,3,walk
2097631300,60.0163385,30.411213,3,walk
2097631302,60.0163257,30.4040508,3,walk
2097631315,60.0164352,30.4058641,4,walk
2097631324,60.0164854,30.4119935,4,walk
2097631356,60.0166367,30.4031058,3,walk
2097631368,60.016687,30.4030975,3,walk
2097631370,60.0167021,30.4097702,3,walk
2097631388,60.0168585,30.406251,3,walk
2097631390,60.0168903,30.4099932,3,walk
2097631392,60.016903,30.4062775,5,walk
2097631394,60.0169115,30.4065956,3,walk
2097631397,60.0169186,30.4069911,3,walk
2097631401,60.0169546,30.4089644,3,walk
2097631407,60.0169797,30.4096642,3,walk
2097631410,60.0171633,30.4062924,3,walk
2097631416,60.0175851,30.4132586,3,walk
2097631417,60.017593,30.4074522,4,walk
2097631418,60.0176144,30.4073766,3,walk
2097631420,60.0176888,30.4074523,3,walk
2097631428,60.0178483,30.412948,4,walk
2097631429,60.0178539,30.4127748,3,walk
2097631431,60.0178658,30.4076324,3,walk
2097631437,60.0179664,30.4124882,3,walk
2097631444,60.0181129,30.415914,4,walk
2097631449,60.0181828,30.4122852,3,walk
2097631450,60.0182205,30.4127404,3,walk
2097631460,60.0184578,30.4116794,4,walk
2097631464,60.0185573,30.4112888,3,walk
2097631476,60.0190134,30.4135272,3,walk
2097631479,60.0190568,30.4141978,3,walk
2097631496,60.0192201,30.4116493,3,walk
2097631518,60.019249,30.4137749,3,walk
2097631521,60.0192596,30.414397,4,walk
2097631523,60.0192667,30.4141519,3,walk
2097631685,60.0211635,30.4075074,3,walk
2097827837,60.0169134,30.4147053,4,walk
2097827838,60.0174346,30.4152302,4,walk
2097827921,60.018398,30.4162006,4,walk
2097827944,60.0193924,30.4158489,4,walk
2097827948,60.0195194,30.4153441,4,walk
2097827951,60.0195925,30.4101531,3,walk
2097827952,60.0196405,30.4148626,4,walk
2097827953,60.0197819,30.4101732,3,walk
2097827954,60.0198919,30.4076521,3,walk
2097827958,60.0201047,30.4062957,3,walk
2097827960,60.0201734,30.4127439,4,walk
2097827961,60.020176,30.4106186,4,walk
2097827966,60.0203696,30.4070822,4,walk
2097827973,60.0204078,30.4090742,3,walk
2097827979,60.0204583,30.4082222,3,walk
2097827985,60.0205974,30.411058,4,walk
2097827986,60.0206146,30.4068204,3,walk
2097827988,60.0206292,30.408861,3,walk
2097827989,60.0206345,30.407866,4,walk
2097827991,60.0206849,30.40776,3,walk
2097827994,60.0207234,30.4084388,3,walk
2097827995,60.020725,30.4084896,5,walk
2097827999,60.0207718,30.4066694,4,walk
2097828002,60.0208123,30.4079113,3,walk
2097828006,60.0208843,30.4080193,3,walk
2097828008,60.0209447,30.4067994,3,walk
2097828010,60.0210097,30.4082454,3,walk
2097828013,60.0210674,30.4065935,3,walk
2097828014,60.0211001,30.4069508,3,walk
2099104393,60.0106614,30.4083996,4,walk
2099104421,60.0111865,30.4063376,3,walk
2099104433,60.0113128,30.4058292,3,walk
2099104439,60.0113332,30.4051752,3,walk
2099104466,60.0114752,30.4051889,3,walk
2099104473,60.0115224,30.4077324,4,walk
2099104489,60.0116859,30.4043952,3,walk
2099104503,60.0118791,30.4077206,3,walk
2099104504,60.0118819,30.4050308,4,walk
2099104515,60.0120064,30.4091467,3,walk
2099104516,60.0120175,30.4060911,3,walk
2099104518,60.0120918,30.4057543,3,walk
2099104520,60.0121166,30.4078801,3,walk
2099104526,60.0122107,30.4081002,3,walk
2099104529,60.0122245,30.4093622,3,walk
2099104531,60.0122491,30.4090168,4,walk
2099104534,60.0122992,30.4090591,3,walk
2099104538,60.0122822,30.4094147,3,walk
2099104541,60.012339,30.4100984,3,walk
2099104550,60.0124323,30.4085723,3,walk
2099104557,60.0124935,30.4011865,3,walk
2099104558,60.0125391,30.4009563,3,walk
2099104560,60.0125758,30.4057473,3,walk
2099104561,60.0125894,30.4020489,3,walk
2099104563,60.0126176,30.4010364,3,walk
2099104564,60.0126229,30.4097246,3,walk
2099104566,60.0126596,30.4083749,3,walk
2099104567,60.0126716,30.4104333,3,walk
2099104569,60.0126826,30.408828,3,walk
2099104574,60.0127481,30.4089422,3,walk
2099104575,60.01278,30.3994102,3,walk
2099104576,60.012772,30.401119,3,walk
2099104577,60.0127738,30.4000288,3,walk
2099104579,60.0127912,30.4007565,3,walk
2099104588,60.0128983,30.3995288,4,walk
2099104591,60.0129306,30.4001885,3,walk
2099104592,60.0129542,30.4023924,3,walk
2099104593,60.0129678,30.3992497,3,walk
2099104595,60.013093,30.4003514,4,walk
2099104596,60.013086,30.4042807,3,walk
2099104599,60.0131052,30.3986981,3,walk
2099104602,60.0131214,30.3993922,4,walk
2099104611,60.013276,30.3987714,3,walk
2099104612,60.0132842,30.4034944,3,walk
2099104622,60.0133756,30.4006217,4,walk
2099104623,60.013412,30.4014395,4,walk
2099104625,60.0134186,30.4046162,3,walk
2099104626,60.0134535,30.4003066,3,walk
2099104630,60.0134921,30.4072042,3,walk
2099104631,60.0135199,30.404885,3,walk
2099104632,60.0135204,30.4000357,3,walk
2099104633,60.0135213,30.4042083,3,walk
2099104634,60.0135525,30.4004216,3,walk
2099104637,60.0136276,30.4001391,3,walk
2099104638,60.0136548,30.404343,3,walk
2099104641,60.013733,30.3992428,3,walk
2099104642,60.0137376,30.4006368,3,walk
2099104643,60.0137394,30.4012551,3,walk
2099104645,60.0138183,30.4003233,3,walk
2099104647,60.0138315,30.4013457,3,walk
2099104648,60.0138519,30.4007684,4,walk
2099104652,60.0139299,30.400431,3,walk
2099104653,60.0139415,30.3994579,3,walk
2099104656,60.0139471,30.4008604,3,walk
2099104671,60.0140653,30.4009747,3,walk
2099104673,60.0141085,30.4021386,3,walk
2099104674,60.0141164,30.3996383,3,walk
2099104676,60.0141415,30.4017707,3,walk
2099104677,60.0141456,30.4006542,3,walk
2099104678,60.0141662,30.401675,3,walk
2099104681,60.0142276,30.4014358,3,walk
2099104685,60.0142667,30.4022294,3,walk
2099104692,60.0143428,30.4027365,3,walk
2099104693,60.0143551,30.4015474,3,walk
2099104694,60.0143649,30.4018124,3,walk
2099104700,60.0144049,30.4024342,3,walk
2099104701,60.0144068,30.3999212,3,walk
2099104705,60.0144967,30.4009932,3,walk
2099104709,60.0146101,30.4008257,3,walk
2099104712,60.0146678,30.4030437,3,walk
2099104716,60.014771,30.4022089,3,walk
2099104718,60.014857,30.4022991,3,walk
2099104721,60.014871,30.4035978,3,walk
2099104724,60.0149786,30.4013709,3,walk
2099104726,60.0150706,30.4014597,4,walk
2099104730,60.0153729,30.4033151,3,walk
2099104731,60.0154697,30.4072306,3,walk
2099104732,60.0155734,30.4021953,3,walk
2099104746,60.0165463,30.4049879,4,walk
2099104749,60.0168698,30.4031201,3,walk
2099104750,60.0168756,30.4037065,3,walk
2099135400,60.0141777,30.407736,3,walk
2099135401,60.0142545,30.4073984,3,walk
2099135435,60.015951,30.4053403,3,walk
2099135453,60.0161881,30.405599,3,walk
2099135482,60.0163916,30.4048245,3,walk
2099135631,60.0187455,30.4078561,3,walk
2099135633,60.0189142,30.4072122,3,walk
2099135639,60.0196802,30.4079887,4,walk
2104875516,59.99915,30.3784988,3,walk
2106080895,60.0165496,30.3793003,3,walk
2106080897,60.0164786,30.381592,3,walk
2106080902,60.017597,30.3751973,4,walk
2106080911,60.0178677,30.3777582,4,walk
2106080915,60.017901,30.3775925,3,walk
2106080921,60.0179749,30.3790207,4,walk
2106080927,60.0181046,30.3764599,4,walk
2106080930,60.0181593,30.3759549,3,walk
2106080931,60.0181655,30.3780216,3,walk
2106080932,60.0181754,30.3765116,3,walk
2106080933,60.0181791,30.3749205,5,walk
2106080936,60.0182719,30.3750732,4,walk
2106080937,60.0183172,30.3781464,4,walk
2106080938,60.0182807,30.3765883,3,walk
2106080940,60.0183294,30.374491,4,walk
2106080942,60.0183619,30.3753162,3,walk
2106080943,60.018396,30.3758588,4,walk
2106080944,60.0184225,30.3750951,4,walk
2106080946,60.0184453,30.3755153,4,walk
2106080947,60.0184602,30.3757911,4,walk
2106080948,60.0184804,30.3767338,3,walk
2106080949,60.0184895,30.3762702,3,walk
2106080960,60.0186732,30.3768743,3,walk
2106080963,60.0188637,30.3786711,3,walk
2106080966,60.0188991,30.3786004,3,walk
2106080979,60.0192098,30.3779791,3,walk
2106080989,60.0194923,30.3747434,3,walk
2106080991,60.0194998,30.3748579,3,walk
2106080999,60.0195398,30.3758775,3,walk
2106081003,60.0195554,30.3757629,4,walk
2106081018,60.019763,30.3773108,4,walk
2106081057,60.0198415,30.3779723,6,walk
2106081061,60.0198754,30.3789167,3,walk
2106081073,60.0199514,30.3772731,3,walk
2106081076,60.0199783,30.3783511,3,walk
2106081084,60.0200276,30.3806253,3,walk
2106081086,60.0201296,30.3787566,4,walk
2106081087,60.0201489,30.3795549,3,walk
2106081092,60.0202959,30.3745467,3,walk
2106081094,60.0203013,30.3752289,3,walk
2106081098,60.0203307,30.3759177,3,walk
2106081099,60.0203393,30.3761181,3,walk
2106081100,60.0204367,30.3745142,4,walk
2106081101,60.0204616,30.3761061,3,walk
2106081104,60.0205198,30.3760945,3,walk
2106081107,60.0205901,30.3771404,3,walk
2106081112,60.0208942,30.3777524,4,walk
2106081114,60.0209662,30.3756506,3,walk
2106081116,60.02105,30.3743745,3,walk
2106081119,60.0211878,30.3738098,3,walk
2106081121,60.0211876,30.3776179,3,walk
2106081122,60.0212146,30.3739308,4,walk
2106081124,60.0212567,30.3763045,3,walk
2106081127,60.0213832,30.375939,3,walk
2106081130,60.0214294,30.3776212,3,walk
2106081131,60.0214688,30.3733559,3,walk
2106081133,60.0215059,30.3734475,4,walk
2106081138,60.0215945,30.3779515,3,walk
2106081141,60.0216633,30.3722506,4,walk
2106081142,60.0216727,30.3762948,4,walk
2106081143,60.0216764,30.3782937,3,walk
2106081144,60.0216726,30.3779485,3,walk
2106081146,60.0217189,30.3732536,4,walk
2106081148,60.0217216,30.3734284,4,walk
2106081149,60.0217302,30.374003,3,walk
2106081154,60.021824,30.376431,3,walk
2106081156,60.021783,30.377857,3,walk
2106081160,60.0220615,30.3734746,3,walk
2106081163,60.0221459,30.3772734,3,walk
2111936630,60.0122494,30.4045864,3,walk
2111936631,60.0124741,30.4048183,4,walk
2111936633,60.0125913,30.4044085,3,walk
2111936677,60.0148763,30.401784,3,walk
2114648916,60.011775,30.3720659,3,walk
2114648930,60.0126665,30.3727,4,walk
2114648962,60.0144531,30.3786139,3,walk
2114649010,60.0147793,30.3790957,3,walk
2114649041,60.0150641,30.379283,3,walk
2114649053,60.0151626,30.3767296,3,walk
2114649096,60.0158191,30.3797796,3,walk
2114649100,60.0160691,30.3789529,3,walk
2120125974,60.0140955,30.3721327,3,walk
2120125978,60.0148165,30.3709448,4,walk
2123878490,60.0151783,30.4094788,3,walk
2123878518,60.0218552,30.3763728,3,walk
2124520009,60.0165557,30.3787143,3,walk
2141552271,59.9999443,30.3720148,4,walk
2164582384,59.9987778,30.3786344,3,walk
2191616113,60.0013295,30.3662003,3,walk
2191616115,60.0015392,30.3663355,3,walk
2191616116,60.0030676,30.3673669,4,walk
2191616118,60.0045618,30.3683439,4,walk
2191650472,59.9996215,30.3659908,4,walk
2191650476,60.0003564,30.3661985,3,walk
2191650477,60.0004354,30.3660148,3,walk
2191650478,60.000459,30.3658202,3,walk
2216118029,60.0191435,30.3781117,3,walk
2251210487,60.0255302,30.4010364,4,walk
2251210514,60.0257183,30.4001539,3,walk
2251210549,60.0259347,30.4008453,3,walk
2288825471,60.0079137,30.3891502,4,walk
2288825473,60.0087271,30.3881981,4,walk
2294942359,60.0162613,30.3809792,3,walk
2294942364,60.016542,30.3812305,4,walk
2306993146,60.0246428,30.3983077,3,walk
2320061050,59.9981158,30.3733816,3,walk
2349466286,60.0214775,30.4152266,3,walk
2364998349,59.9987333,30.3730842,3,walk
2364998350,59.998904,30.3732004,3,walk
2364998355,59.9990619,30.3733079,3,walk
2364998356,59.9992251,30.3734189,4,walk
2364998359,59.9993859,30.3735283,3,walk
2364998368,59.9995533,30.3736422,3,walk
2364998397,60.0011191,30.3695101,4,walk
2364998401,60.0012613,30.3696025,3,walk
2367811655,59.998328,30.3728037,3,walk
2367811657,59.9983468,30.3715653,3,walk
2367811658,59.99837,30.3722868,4,walk
2367811688,60.0000632,30.3737979,3,walk
2367811691,60.0001187,30.3734703,3,walk
2367811692,60.000149,30.3707799,3,walk
2367811693,60.0001742,30.3731462,3,walk
2367811695,60.0002277,30.3728249,3,walk
2367811699,60.0002835,30.372485,3,walk
2367832553,60.0004057,30.3719933,3,walk
2367832557,60.0004607,30.3716705,3,walk
2367832560,60.0005151,30.3713514,3,walk
2367832563,60.0005704,30.3710263,3,walk
2367832566,60.0006273,30.3706928,3,walk
2374751485,60.0142833,30.4122569,3,walk
2377453713,60.0226806,30.4076911,4,walk
2379607062,60.0093764,30.3706558,3,walk
2379607121,60.0102853,30.369994,3,walk
2379607132,60.0105084,30.3706739,4,walk
2379607147,60.0109704,30.3710004,4,walk
2379607149,60.0110146,30.3733746,3,walk
2379607152,60.0110577,30.3705235,3,walk
2379607155,60.0111064,30.3734373,3,walk
2379607158,60.0111295,30.3727253,3,walk
2379607162,60.0111619,30.3725422,3,walk
2379607164,60.011156,30.3699867,3,walk
2379607166,60.0112209,30.3727901,3,walk
2379607170,60.0112533,30.372607,3,walk
2379607171,60.0112657,30.3719554,3,walk
2379607174,60.0113572,30.3720199,3,walk
2379607176,60.0114647,30.3704435,3,walk
2379607183,60.0115492,30.370504,4,walk
2379607187,60.011618,30.3693947,3,walk
2379607188,60.0116078,30.3701671,4,walk
2379607189,60.0116646,30.3705856,3,walk
2379607191,60.0117228,30.3700677,3,walk
2379607195,60.0118563,30.3716221,4,walk
2379607198,60.0119463,30.3711343,3,walk
2379607202,60.0120032,30.3708247,4,walk
2379607207,60.0120528,30.3700313,3,walk
2379607213,60.0121495,30.370029,4,walk
2379607222,60.012253,30.3694496,3,walk
2379607228,60.0122699,30.3719184,3,walk
2379607258,60.0125646,30.3703245,3,walk
2379607265,60.0125883,30.3712787,3,walk
2379607313,60.0127445,30.3722584,3,walk
2379607318,60.0127588,30.3721776,3,walk
2379607331,60.0128132,30.3718694,3,walk
2379607344,60.0128813,30.3714836,3,walk
2379607346,60.0128832,30.370113,4,walk
2379607373,60.0129752,30.3731626,3,walk
2379607378,60.0129927,30.3706295,3,walk
2379607383,60.0130199,30.3729454,4,walk
2379607385,60.0130277,30.3706544,3,walk
2379607392,60.0130388,30.3702237,3,walk
2379607396,60.0130632,30.3704598,3,walk
2379607402,60.0130887,30.3703202,4,walk
2379607409,60.0131114,30.3701958,4,walk
2379607428,60.0131503,30.3732863,3,walk
2379607442,60.0131931,30.3730657,4,walk
2379607466,60.0133787,30.3731947,3,walk
2379607474,60.0133974,30.3706975,3,walk
2379607496,60.0134681,30.373368,3,walk
2379607501,60.0134839,30.3726983,3,walk
2379607504,60.0134894,30.3747921,3,walk
2379607508,60.0135017,30.3699958,3,walk
2379607510,60.0135422,30.3723899,3,walk
2379607511,60.013562,30.3708146,3,walk
2379607512,60.0135683,30.3727942,4,walk
2379607519,60.013656,30.3722926,3,walk
2379607524,60.0136746,30.3737774,3,walk
2379607528,60.0137024,30.369414,3,walk
2379607530,60.0137293,30.3709336,3,walk
2379607535,60.0137736,30.373544,3,walk
2379607539,60.0138088,30.3741514,3,walk
2379607540,60.0138226,30.3729916,3,walk
2379607541,60.013856,30.3742828,3,walk
2379607546,60.0138869,30.3710458,3,walk
2379607548,60.0139113,30.370914,3,walk
2379607553,60.0140128,30.3703662,4,walk
2379607556,60.0140433,30.3702756,4,walk
2379607557,60.0140514,30.3704035,3,walk
2379607558,60.0140586,30.3792969,3,walk
2379607569,60.0143279,30.3715055,4,walk
2379607586,60.0144754,30.3719072,4,walk
2379607589,60.0144906,30.3757491,3,walk
2379607595,60.0145229,30.3721959,3,walk
2379607602,60.0146223,30.3749851,3,walk
2379607609,60.014753,30.3700682,3,walk
2379607610,60.0147597,30.3742353,3,walk
2379607623,60.01484,30.370893,3,walk
2379607634,60.0148768,30.3691699,3,walk
2379607640,60.0149237,30.3698279,4,walk
2379607642,60.0149547,30.370263,3,walk
2379607645,60.0149768,30.3705724,3,walk
2379607646,60.0149858,30.369147,3,walk
2379607653,60.0150173,30.374308,3,walk
2379607655,60.0150212,30.3697963,3,walk
2379607656,60.0150297,30.3775502,3,walk
2379607660,60.0150767,30.3707436,4,walk
2379607670,60.015295,30.3777461,3,walk
2379607673,60.0153167,30.3765588,3,walk
2379607675,60.0153955,30.3753077,3,walk
2379607682,60.0157137,30.3804093,3,walk
2379607687,60.0159967,30.3728375,3,walk
2390151838,59.9997832,30.3729458,3,walk
2410873904,60.0200671,30.4131619,3,walk
2410873910,60.0203925,30.4134776,4,walk
2410873913,60.0205121,30.4135932,3,walk
2412574733,59.9980631,30.3701453,3,walk
2444978974,60.0107654,30.4079972,3,walk
2444978977,60.0108981,30.4074723,3,walk
2444978981,60.0110858,30.4067372,3,walk
2444979000,60.0115835,30.4078252,3,walk
2444979008,60.0116494,30.4085098,3,walk
2444979012,60.0117536,30.4088969,3,walk
2444979020,60.0118353,30.4076829,3,walk
2444979024,60.0118708,30.4086932,4,walk
2444979026,60.0118815,30.4075061,3,walk
2444979034,60.0120937,30.4057371,3,walk
2444979035,60.0121349,30.405775,3,walk
2444979053,60.0125737,30.4092401,3,walk
2444979066,60.0127083,30.4093653,3,walk
2444979097,60.0128809,30.40655,4,walk
2444979108,60.0129963,30.4061645,3,walk
2444979117,60.0131007,30.3994731,3,walk
2444979124,60.0131708,30.4000354,3,walk
2444979130,60.0132093,30.3990391,3,walk
2444979132,60.0132128,30.4012395,3,walk
2444979138,60.0132407,30.4004935,3,walk
2444979146,60.0132698,30.3996438,3,walk
2444979160,60.013297,30.40092,3,walk
2444979235,60.0134404,30.3997041,3,walk
2444979238,60.0135011,30.4049607,3,walk
2444979244,60.0135119,30.4010313,3,walk
2444979247,60.013574,30.3998358,3,walk
2444979252,60.0136612,30.3995107,4,walk
2444979259,60.0138773,30.3997363,4,walk
2444979267,60.0139223,30.4009645,3,walk
2444979271,60.0139745,30.3998377,3,walk
2444979273,60.0140112,30.4000855,4,walk
2444979279,60.0140507,30.3999173,3,walk
2444979281,60.0140631,30.402093,3,walk
2444979283,60.0140929,30.4016029,3,walk
2444979294,60.0142845,30.4011865,3,walk
2444979335,60.0147745,30.4095016,3,walk
2444979347,60.0149304,30.4042716,3,walk
2444979351,60.0149679,30.4115048,3,walk
2444979354,60.014995,30.4040122,3,walk
2444979356,60.0150065,30.4124564,3,walk
2444979369,60.0151587,30.4041677,3,walk
2444979370,60.0151616,30.4015615,3,walk
2444979375,60.0152215,30.4008673,3,walk
2444979377,60.0152758,30.4079932,3,walk
2444979386,60.0153611,30.4016551,4,walk
2444979388,60.0153872,30.4008757,3,walk
2444979397,60.0154044,30.4113406,4,walk
2444979399,60.0154362,30.4016851,3,walk
2444979403,60.0154796,30.4014847,3,walk
2444979405,60.0155243,30.4012855,3,walk
2444979406,60.015531,30.4103971,3,walk
2444979408,60.0155408,30.4121559,3,walk
2444979416,60.015574,30.4010636,3,walk
2444979420,60.0155887,30.4112669,4,walk
2444979462,60.0157267,30.4111886,3,walk
2444979466,60.015805,30.4091726,3,walk
2444979473,60.0158267,30.4111216,3,walk
2444979487,60.015978,30.4091776,3,walk
2444979501,60.016136,30.4055403,3,walk
2444979513,60.0162698,30.4086586,3,walk
2444979523,60.0163571,30.4083142,3,walk
2444979528,60.0163704,30.4049049,3,walk
2444979530,60.0163763,30.4087661,3,walk
2444979534,60.0163799,30.4058009,4,walk
2444979541,60.0164632,30.4084213,3,walk
2444979548,60.0164994,30.4077631,3,walk
2444979552,60.0165111,30.4099682,3,walk
2444979578,60.0165898,30.4074135,3,walk
2444979580,60.0165899,30.4096538,3,walk
2444979582,60.0165912,30.4115811,4,walk
2444979583,60.0166007,30.4078663,3,walk
2444979602,60.0166572,30.4088299,3,walk
2444979607,60.01669,30.4075156,3,walk
2444979635,60.0168684,30.4078927,3,walk
2444979651,60.016922,30.4026813,3,walk
2444979653,60.0169224,30.4090936,3,walk
2444979655,60.0169274,30.4124329,3,walk
2444979657,60.0169436,30.4101834,3,walk
2444979672,60.0169603,30.4043881,4,walk
2444979676,60.016986,30.4147794,3,walk
2444979695,60.0170566,30.4107994,3,walk
2444979713,60.0171482,30.4081874,3,walk
2444979717,60.0171646,30.4103861,3,walk
2444979740,60.0172314,30.4110265,4,walk
2444979796,60.0173456,30.4114297,3,walk
2444979809,60.0173785,30.4107749,3,walk
2444979839,60.0174831,30.4050543,3,walk
2444979848,60.0175191,30.4107718,3,walk
2444979890,60.017587,30.4145829,3,walk
2444979894,60.0175894,30.4051593,3,walk
2444979900,60.0176205,30.4031266,3,walk
2444979902,60.0176253,30.4144284,3,walk
2444979915,60.0176581,30.4068291,3,walk
2444979926,60.0177479,30.4147323,3,walk
2444979932,60.0177675,30.4080203,3,walk
2444979933,60.0177707,30.4039412,3,walk
2444979935,60.0177791,30.4145839,3,walk
2444979937,60.0177816,30.4128557,4,walk
2444979944,60.0178367,30.413298,3,walk
2444979946,60.0178404,30.4117517,3,walk
2444979956,60.0178684,30.411779,3,walk
2444979967,60.0178942,30.4133533,3,walk
2444979981,60.0179218,30.4070797,3,walk
2444979994,60.0180158,30.4055809,3,walk
2444980015,60.0181361,30.4120397,3,walk
2444980019,60.0182227,30.4068825,3,walk
2444980036,60.0182963,30.4067999,3,walk
2444980051,60.0183688,30.4044119,3,walk
2444980076,60.018451,30.4112315,4,walk
2444980079,60.0184527,30.4049535,3,walk
2444980093,60.0184985,30.4059857,4,walk
2444980094,60.0185086,30.4045538,3,walk
2444980096,60.0185606,30.4108076,3,walk
2444980098,60.0185799,30.4111998,3,walk
2444980105,60.018635,30.4051366,3,walk
2444980109,60.0186633,30.4111396,3,walk
2444980113,60.0186943,30.4051976,3,walk
2444980121,60.0188418,30.4090845,3,walk
2444980123,60.0188527,30.4074466,4,walk
2444980170,60.019076,30.4051354,3,walk
2444980171,60.0190783,30.4094385,3,walk
2444980181,60.0191168,30.4149572,3,walk
2444980189,60.0192341,30.4150699,3,walk
2444980193,60.019255,30.4053215,3,walk
2444980196,60.0193009,30.4118359,3,walk
2444980200,60.019303,30.4084684,3,walk
2444980206,60.0193714,30.4145068,3,walk
2444980236,60.019711,30.4101657,3,walk
2444980238,60.0197477,30.4123071,3,walk
2444980241,60.0197755,30.4123358,3,walk
2444980254,60.0199095,30.4057592,3,walk
2444980300,60.0201303,30.4061942,3,walk
2444980302,60.0201492,30.4061194,3,walk
2444980305,60.020181,30.4059933,3,walk
2444980326,60.0203987,30.4108502,3,walk
2444980353,60.0206779,30.4100093,3,walk
2444980386,60.0207512,30.4062831,3,walk
2444980392,60.0208278,30.4101416,3,walk
2444980396,60.0209217,30.4086911,3,walk
2448498889,60.0188609,30.3790926,3,walk
2448498903,60.019232,30.3788776,3,walk
2449050456,60.0134973,30.3965937,3,walk
2449050457,60.013623,30.3961015,4,walk
2449050458,60.0136963,30.3963033,3,walk
2449050463,60.013841,30.3967136,3,walk
2449050466,60.0138726,30.3956118,3,walk
2449050467,60.0138964,30.3965017,3,walk
2449050473,60.0140385,30.3964475,3,walk
2449050475,60.0141061,30.3983435,4,walk
2449050516,60.0156221,30.3964461,4,walk
2449774643,59.9980452,30.378137,3,walk
2449774665,59.9985037,30.3784483,3,walk
2449774693,59.9992003,30.3787027,3,walk
2450048919,60.0138031,30.3966792,3,walk
2450048920,60.0140246,30.3965026,3,walk
2450048921,60.014131,30.3971899,3,walk
2450048922,60.0141454,30.3960235,3,walk
2450048923,60.0143323,30.3973903,3,walk
2450048926,60.014709,30.3900054,4,walk
2450048927,60.0147722,30.3956182,3,walk
2450048928,60.0147876,30.3931939,3,walk
2450048934,60.0149208,30.3911067,3,walk
2450048935,60.0149356,30.3979991,3,walk
2450048936,60.0149341,30.3901678,3,walk
2450048938,60.0149633,30.3899944,4,walk
2450048943,60.0151589,30.3982187,3,walk
2450048945,60.0152749,30.3926705,3,walk
2450048950,60.0154455,30.3950873,4,walk
2450048954,60.0155054,30.3979785,3,walk
2450048955,60.0155158,30.3979365,3,walk
2450048957,60.0155812,30.3983411,4,walk
2450048958,60.0156102,30.3975566,3,walk
2450048960,60.0156187,30.3975223,3,walk
2450048961,60.0156506,30.3980659,3,walk
2450048965,60.0157445,30.3976923,3,walk
2450048973,60.0158115,30.3879464,3,walk
2450048974,60.0158141,30.3974153,4,walk
2450048977,60.0158408,30.3902498,3,walk
2450048980,60.0158506,30.3958471,3,walk
2450048984,60.0158887,30.3875073,3,walk
2450048986,60.0158998,30.3901862,3,walk
2450048990,60.0159657,30.3900877,4,walk
2450048994,60.016017,30.390298,3,walk
2450048996,60.0160414,30.390133,3,walk
2450048997,60.0160433,30.3899541,3,walk
2450048999,60.0160586,30.3876292,3,walk
2450049001,60.0160741,30.3895576,4,walk
2450049004,60.0161348,30.3867232,4,walk
2450049005,60.0161866,30.3896399,4,walk
2450049010,60.0163913,30.3900743,3,walk
2450049014,60.0165342,30.3899319,3,walk
2450049021,60.0167336,30.3890509,3,walk
2450049023,60.0167478,30.3889883,3,walk
2450049024,60.0168247,30.3962473,3,walk
2450049027,60.0168876,30.3890224,3,walk
2450049045,60.0171037,30.395444,3,walk
2450049050,60.0172655,30.3952993,3,walk
2450049052,60.0172663,30.3957729,3,walk
2450049055,60.0173615,30.391397,3,walk
2450049056,60.0174202,30.3911562,3,walk
2450049058,60.0174595,30.3923262,4,walk
2450049060,60.017481,30.3921208,4,walk
2450049065,60.0175315,30.3924201,4,walk
2450049067,60.0175427,30.3948813,3,walk
2450049079,60.0176901,30.3926599,3,walk
2450049086,60.0177608,30.3926253,3,walk
2450049089,60.0178637,30.3922334,3,walk
2450049094,60.0179976,30.3925574,3,walk
2450049095,60.0179983,30.3931023,3,walk
2450049112,60.0182977,30.3905609,3,walk
2450049116,60.0183571,30.3903151,3,walk
2450049122,60.0186427,30.3915607,3,walk
2450049126,60.0187144,30.389281,3,walk
2450049128,60.0190118,30.3896161,3,walk
2457481086,60.0250345,30.3991235,3,walk
2459419438,60.0187377,30.378995,3,walk
2470630885,59.9995622,30.3768355,3,walk
2470630886,59.9997223,30.3769442,3,walk
2470630887,59.9999945,30.3742077,3,walk
2470630889,60.0001826,30.3743277,3,walk
2484273307,59.9992577,30.3789557,3,walk
2488832395,59.9973527,30.373524,3,walk
2488832404,59.9974157,30.3730451,3,walk
2488832424,59.997532,30.3733299,4,walk
2488832444,59.9976431,30.3735941,3,walk
2524145859,60.0061834,30.3809346,3,walk
2587383016,60.0013487,30.3663251,3,walk
2587383017,60.0014863,30.366393,3,walk
2587704526,60.0004035,30.3657972,3,walk
2695155420,59.9983657,30.3702007,3,walk
2733259724,60.0045555,30.3835265,3,walk
2733266899,60.0106203,30.3857363,3,walk
2733697979,60.0118992,30.3875333,3,walk
2733737422,60.0058134,30.3843736,3,walk
2733737438,60.005281,30.3840174,3,walk
2773368437,60.0144833,30.4122579,3,walk
2773368444,60.0190815,30.4168932,3,walk
2776684667,60.0106679,30.3900193,3,walk
2776684672,60.0086688,30.3900495,3,walk
2781482859,60.0126045,30.3925507,3,walk
2781482860,60.011491,30.3917565,3,walk
2781482861,60.0110669,30.3916677,3,walk
2781494704,60.0080152,30.3920324,3,walk
2781494706,60.0082326,30.3911406,3,walk
2782709329,60.0098473,30.3868826,3,walk
2840916782,60.0089381,30.3826675,3,walk
2853959600,60.0142446,30.371261,3,walk
2853964981,60.015183,30.3747459,3,walk
2853965729,60.0155726,30.3796175,3,walk
2853978259,60.0157531,30.3839098,3,walk
2858402852,59.9981123,30.3701745,3,walk
2858402862,59.9985519,30.3714568,3,walk
2888040666,60.0103866,30.3868143,3,walk
2888040673,60.0121269,30.3861883,3,walk
2888040678,60.0128629,30.3886793,3,walk
2891322090,60.0013295,30.3675826,3,walk
2891322097,60.0020343,30.3669481,3,walk
2896530692,60.0067112,30.3735825,3,walk
2896531907,60.0085416,30.3715755,3,walk
2896531912,60.0086399,30.3723566,3,walk
2938057220,60.0105718,30.3775352,4,walk
2938057222,60.0118311,30.37839,4,walk
2938057224,60.0131542,30.3792866,4,walk
2938057228,60.0249027,30.3955431,3,walk
2938057231,60.0240942,30.3946469,4,walk
2938057232,60.0237109,30.3943588,3,walk
2938057234,60.0238614,30.3887367,4,walk
2938057235,60.0241579,30.3876725,3,walk
2938057238,60.0237957,30.3886646,3,walk
2938067524,60.0242116,30.3976612,3,walk
2938067525,60.0240551,30.3974841,3,walk
2938067526,60.0241101,30.3980322,3,walk
2938067527,60.0239535,30.3978552,3,walk
2938067528,60.0238753,30.398871,3,walk
2938067529,60.0237232,30.3986957,3,walk
2960009170,59.9990109,30.3732732,3,walk
2960009177,59.999063,30.3758626,3,walk
2960009181,59.999109,30.3738738,3,walk
2960009193,59.9993873,30.3743164,3,walk
2978964183,60.0189126,30.3890276,3,walk
2978964186,60.0190349,30.388575,4,walk
2978964193,60.0196391,30.3931288,4,walk
2978964195,60.0198588,30.3923443,4,walk
2978964211,60.0245391,30.3878159,3,walk
2993495620,60.026656,30.3905224,3,walk
2993499334,60.0271615,30.3886899,3,walk
2993499352,60.0263866,30.3902314,3,walk
2994229197,60.0267483,30.3901866,4,walk
2994229203,60.0280229,30.391536,3,walk
2995129712,60.0055257,30.3795417,3,walk
2995129718,60.0057176,30.3794682,4,walk
2995129719,60.0057679,30.3780881,3,walk
2995129723,60.0058989,30.3783772,4,walk
2995129724,60.0059109,30.3790049,4,walk
2995130148,60.009513,30.3823484,3,walk
2995130153,60.0097583,30.3819636,3,walk
3016283512,60.0283806,30.3828452,3,walk
3017435762,60.0300218,30.3659711,5,walk
3017486366,60.0271551,30.3766459,4,walk
3017489070,60.0261738,30.3809616,4,walk
3017512449,60.0287074,30.3774548,3,walk
3017512450,60.029657,30.3770577,3,walk
3017512451,60.0300109,30.3770499,3,walk
3056292102,60.0239131,30.4078482,3,walk
3056292104,60.0239652,30.4076313,3,walk
3057716638,60.024866,30.3883024,3,walk
3057716641,60.02512,30.387392,3,walk
3057716642,60.0259822,30.3896742,4,walk
3057716646,60.0261908,30.3897757,3,walk
3057742640,60.024895,30.3908441,3,walk
3057742642,60.0249599,30.3906048,3,walk
3057742646,60.0250047,30.3906519,3,walk
3057742647,60.0247226,30.3917713,3,walk
3057742648,60.0246497,30.3917074,3,walk
3057742658,60.0245234,30.3925489,3,walk
3057772620,60.024816,30.3911268,3,walk
3057773572,60.0239648,30.3913975,3,walk
3057773573,60.0246967,30.3881184,3,walk
3067277595,60.0221866,30.3764054,4,walk
3072371689,60.0244799,30.3967089,4,walk
3078671754,60.0232101,30.4012584,4,walk
3078671755,60.0236752,30.3996041,4,walk
3078671756,60.02372,30.389264,4,walk
3078671757,60.0237365,30.3942603,4,walk
3078671758,60.0239651,30.3937391,3,walk
3078671760,60.0246706,30.3847705,3,walk
3078671761,60.02467,30.3978011,4,walk
3078671762,60.0247607,30.3851737,3,walk
3078671763,60.0248225,30.3849366,4,walk
3078671764,60.0251431,30.3960247,4,walk
3082077005,60.0296394,30.3781535,3,walk
3087928374,60.0015975,30.3812951,3,walk
3087928378,60.001688,30.3809596,3,walk
3087928383,60.0017945,30.3789216,3,walk
3087928390,60.0019144,30.3782004,3,walk
3087928393,60.0019421,30.3812156,3,walk
3160225124,59.9986493,30.3775997,3,walk
3160225127,59.9987448,30.3770471,3,walk
3160225145,59.9992639,30.3786253,3,walk
3160225262,60.0013183,30.3780369,3,walk
3161338821,60.0107917,30.4078912,3,walk
3165755356,60.0186812,30.3925321,3,walk
3165756261,60.0189211,30.3925069,3,walk
3165856027,60.0209474,30.3972167,4,walk
3165856037,60.0211775,30.3974382,3,walk
3165856038,60.0212828,30.3970872,4,walk
3165856042,60.0214997,30.3971078,4,walk
3167311385,60.0192164,30.4001411,3,walk
3167311386,60.0194674,30.3990257,3,walk
3167311390,60.0198457,30.398949,3,walk
3167311391,60.0198963,30.399004,3,walk
3167311403,60.0202566,30.3993983,3,walk
3167311409,60.020391,30.40105,3,walk
3167311413,60.0207328,30.3989047,3,walk
3167311415,60.0209277,30.3991395,3,walk
3167311420,60.0212368,30.3980458,3,walk
3167584395,60.0162391,30.3934976,3,walk
3167584399,60.0163422,30.3930808,4,walk
3167584403,60.0165441,30.3922151,3,walk
3181555173,60.0107263,30.4081481,3,walk
3181555184,60.0108539,30.4081101,3,walk
3208420923,59.9989032,30.3719546,3,walk
3208420925,59.9998181,30.3727541,3,walk
3258595842,60.0106297,30.3866785,3,walk
3258595846,60.010692,30.3873083,3,walk
3258595848,60.0119468,30.389509,3,walk
3258595849,60.0120253,30.3889864,3,walk
3258595852,60.0128994,30.3889973,4,walk
3258595859,60.0130274,30.3872501,3,walk
3258596763,60.0136591,30.3891546,3,walk
3285047695,60.0104589,30.3865752,3,walk
3285047702,60.0106646,30.3871807,3,walk
3291494197,60.0107152,30.3867287,3,walk
3497610370,60.0090328,30.3863391,4,walk
3498681557,60.0128618,30.3815144,4,walk
3530810191,60.0210208,30.4147373,4,walk
3530810398,60.0211413,30.4142478,4,walk
3530810399,60.0213184,30.4152248,3,walk
3655425918,60.020038,30.3873534,3,walk
3655468195,60.0204289,30.374396,3,walk
3655478023,60.0225524,30.3787301,3,walk
3655479118,60.0194874,30.3800047,3,walk
3655479119,60.0194893,30.3747078,3,walk
3655479123,60.0194988,30.3799456,3,walk
3655480096,60.016506,30.3837121,3,walk
3655480097,60.0165165,30.3840099,3,walk
3655480099,60.0165743,30.3840539,3,walk
3655480100,60.0165795,30.3833102,3,walk
3655480102,60.0166538,30.3829046,3,walk
3655480103,60.0166654,30.380533,3,walk
3655480104,60.0166652,30.3828421,3,walk
3655480106,60.0167274,30.3825023,3,walk
3655480109,60.0168107,30.3822638,3,walk
3655480114,60.0168844,30.3809282,3,walk
3655480116,60.016924,30.3807141,3,walk
3655480117,60.0169413,30.381523,3,walk
3655480243,60.0170843,30.3839698,3,walk
3655480247,60.017134,30.3836979,3,walk
3655480248,60.0171443,30.3836416,3,walk
3655480249,60.0172075,30.3832951,3,walk
3655480255,60.0172812,30.378799,3,walk
3655480257,60.0173341,30.3846824,3,walk
3655480261,60.0173873,30.378881,4,walk
3655480262,60.0174167,30.3785943,3,walk
3655480277,60.0176283,30.3849371,3,walk
3655480291,60.01799,30.3766334,3,walk
3655480293,60.0179958,30.38319,3,walk
3655480317,60.0184616,30.3851328,3,walk
3655480587,60.0229209,30.3789433,3,walk
3655480592,60.0229918,30.3788299,3,walk
3655480600,60.0230521,30.3785543,4,walk
3655480612,60.023121,30.3784401,3,walk
3655480622,60.0232262,30.3794121,3,walk
3655480726,60.017702,30.3770144,3,walk
3655480730,60.0177444,30.3843265,3,walk
3655480731,60.01775,30.3844068,4,walk
3655480734,60.0177725,30.3765914,3,walk
3655480749,60.0178884,30.3851623,4,walk
3655480761,60.0180072,30.3788515,3,walk
3655480763,60.0180151,30.3778885,3,walk
3655480775,60.018067,30.3751095,3,walk
3655480776,60.0180848,30.3766017,3,walk
3655480799,60.0183109,30.3848638,3,walk
3655480805,60.0191235,30.3846762,3,walk
3655480808,60.0191618,30.3837036,3,walk
3655480820,60.0192495,30.3755821,4,walk
3655480846,60.0186036,30.3757006,3,walk
3655480854,60.0188226,30.3848082,3,walk
3655480864,60.0188898,30.3862743,3,walk
3655480872,60.0189488,30.3845771,3,walk
3655480877,60.0190032,30.3850206,3,walk
3655480879,60.0201608,30.3790207,3,walk
3655480897,60.0202164,30.3810734,3,walk
3655480899,60.0211348,30.3741927,3,walk
3655480918,60.021245,30.3776034,3,walk
3655480931,60.0193426,30.3867394,3,walk
3655480946,60.0194208,30.3757958,3,walk
3655480949,60.019432,30.3740354,3,walk
3655480954,60.0194538,30.3801791,3,walk
3655480955,60.0194559,30.3849895,3,walk
3655480971,60.0197786,30.3766892,3,walk
3655480974,60.0197843,30.3787035,3,walk
3655480976,60.0197863,30.3871666,3,walk
3655480993,60.0198164,30.380175,3,walk
3655481015,60.0200036,30.3874796,3,walk
3655481022,60.0202655,30.3875951,3,walk
3655481031,60.0195214,30.3798282,3,walk
3655481033,60.0195249,30.375413,3,walk
3655481070,60.0196773,30.3800719,3,walk
3655481077,60.0196973,30.3799604,3,walk
3655481094,60.0197585,30.378643,3,walk
3655481117,60.0200948,30.3872644,3,walk
3655481148,60.0202501,30.3794781,3,walk
3655481152,60.0202664,30.3808187,3,walk
3655481229,60.0201319,30.3858728,3,walk
3655481360,60.0203705,30.3786352,4,walk
3655481370,60.0203817,30.3864499,3,walk
3655481385,60.0204486,30.3875891,3,walk
3655481418,60.0205721,30.3782424,5,walk
3655481437,60.0206519,30.3786168,3,walk
3655481475,60.0208192,30.3784058,3,walk
3655481514,60.0209721,30.3785361,3,walk
3655481547,60.0210882,30.3778032,3,walk
3655481564,60.0217614,30.388651,3,walk
3655481566,60.0217726,30.3812487,3,walk
3655481571,60.0218061,30.3898129,3,walk
3655481573,60.0218166,30.3897742,3,walk
3655481577,60.0218497,30.3892544,3,walk
3655481586,60.0218888,30.3911,4,walk
3655481587,60.0218901,30.3912555,3,walk
3655481592,60.0219197,30.3757407,3,walk
3655481604,60.0219887,30.3875584,3,walk
3655481610,60.0220138,30.3766828,3,walk
3655481623,60.0220666,30.379752,4,walk
3655481627,60.021375,30.3875612,3,walk
3655481628,60.0213946,30.3887468,4,walk
3655481631,60.0213997,30.3888237,3,walk
3655481638,60.021424,30.3888504,3,walk
3655481643,60.0214588,30.3888183,4,walk
3655481660,60.0215466,30.3897208,3,walk
3655481662,60.0215617,30.3852178,4,walk
3655481685,60.0216868,30.3890696,4,walk
3655481687,60.021693,30.3891463,3,walk
3655481733,60.0220954,30.3765519,4,walk
3655481758,60.0221838,30.3784482,4,walk
3655481778,60.022256,30.3775456,3,walk
3655481785,60.0222828,30.38829,3,walk
3655481788,60.0222973,30.37977,3,walk
3655481791,60.0223157,30.3767132,3,walk
3655481798,60.0223384,30.3798756,3,walk
3655481808,60.0223669,30.37983,3,walk
3655481816,60.0224112,30.3878293,3,walk
3655481932,60.023396,30.3791139,4,walk
3655481934,60.023425,30.379185,3,walk
3655481949,60.0236703,30.386828,3,walk
3655481962,60.0247835,30.3854173,3,walk
3655481964,60.024796,30.3843831,3,walk
3655481965,60.0249021,30.3855473,3,walk
3655481966,60.0249558,30.3847821,3,walk
3655481967,60.0250525,30.3849925,3,walk
3658412984,60.0238776,30.4033651,3,walk
3658412997,60.0252416,30.4023453,3,walk
3658413013,60.0262179,30.4010842,3,walk
3662355836,60.0217437,30.378018,4,walk
3662355837,60.0265871,30.3794341,3,walk
3662355838,60.0269805,30.3780385,4,walk
3681390711,60.002966,30.3686277,3,walk
3681390713,60.0054363,30.3736729,4,walk
3710352583,60.0274013,30.3767015,3,walk
3720575209,60.0303956,30.3774912,3,walk
3720592603,60.0302128,30.3762189,3,walk
3720596134,60.0302626,30.3760388,3,walk
3720598066,60.0319702,30.365567,3,walk
3725370163,59.9985948,30.3676084,3,walk
3725370165,59.9986273,30.3687173,3,walk
3725370166,59.9986612,30.3684802,3,walk
3725370168,59.9986997,30.3668307,4,walk
3725370169,59.9987063,30.3681655,3,walk
3725370172,59.9987975,30.3668415,3,walk
3725370174,59.9988349,30.3672672,3,walk
3725370176,59.9988384,30.3690632,3,walk
3725370179,59.9988471,30.3695936,3,walk
3725370181,59.9988671,30.3688634,4,walk
3725370188,59.9991139,30.3674908,3,walk
3725370191,59.9991271,30.3673982,3,walk
3725370198,59.999204,30.368964,3,walk
3725370201,59.9992271,30.3666647,3,walk
3725370306,59.9981465,30.3688841,4,walk
3725370314,59.9982356,30.368243,4,walk
3725370315,59.998247,30.3689354,3,walk
3725370317,59.9982678,30.3655892,3,walk
3725371162,59.997984,30.3688008,3,walk
3725371163,59.9979965,30.3677631,3,walk
3725371166,59.9980639,30.3681515,3,walk
3725371177,59.9988868,30.3686114,3,walk
3725371181,59.9989055,30.3688868,3,walk
3725371187,59.9989271,30.3691238,3,walk
3725371195,59.9992575,30.3704483,3,walk
3725371202,59.9992964,30.3688532,3,walk
3725371208,59.9993358,30.3667362,3,walk
3725371210,59.999346,30.3681473,3,walk
3725371213,59.9994304,30.367568,3,walk
3725371240,59.9983362,30.3682966,3,walk
3725371247,59.9983713,30.36792,3,walk
3725371255,59.998399,30.3690132,3,walk
3725371256,59.9984311,30.367528,3,walk
3725371264,59.99937,30.3679787,3,walk
3725371275,59.9994199,30.367659,3,walk
3725371276,59.9994214,30.3705547,3,walk
3725371372,59.9984887,30.3683778,3,walk
3725371380,59.998531,30.3680699,3,walk
3725371395,59.9990348,30.3703025,3,walk
3725371397,59.999047,30.3679707,3,walk
3725371402,59.9990688,30.3678117,3,walk
3725371410,59.9996687,30.3677723,3,walk
3725371414,59.9997176,30.3675497,3,walk
3725371529,59.9995673,30.3676433,3,walk
3725371543,60.0003167,30.3700764,3,walk
3725371545,60.0003366,30.3684646,3,walk
3725371726,60.0004371,30.3684775,3,walk
3725371727,60.0004736,30.3682394,3,walk
3725371728,60.0005216,30.3682662,3,walk
3725371732,60.0008585,30.3674179,4,walk
3725371735,60.0012398,30.3670204,3,walk
3726682228,59.9986152,30.3688015,3,walk
3726682229,59.998702,30.3692695,3,walk
3726682235,59.9989488,30.3688238,3,walk
3726682237,59.9991599,30.3689398,3,walk
3729925029,60.0010172,30.3684276,3,walk
3729925030,60.0010656,30.3681328,3,walk
3730871403,60.0262152,30.3898038,3,walk
3732288002,60.0074821,30.3850472,3,walk
3732288003,60.0076364,30.3858716,3,walk
3737687326,60.0153368,30.4004185,3,walk
3737687327,60.015423,30.3996965,3,walk
3750558841,60.0132137,30.3943894,3,walk
3756791684,60.0203132,30.4134013,3,walk
3756791688,60.0238981,30.3842683,4,walk
3756791689,60.0242482,30.3846144,3,walk
3773122113,60.0261482,30.3767566,3,walk
3805620171,60.0165062,30.377425,3,walk
3805620174,60.0170572,30.3742278,3,walk
3805620182,60.0247863,30.3859609,4,walk
3805620184,60.024936,30.3848558,3,walk
3805620185,60.0251045,30.3848042,3,walk
3805620187,60.0256649,30.3850522,3,walk
3898470945,60.0099314,30.3890363,3,walk
3901387327,59.9986925,30.3773418,3,walk
3901387331,59.9987805,30.3768404,3,walk
4001424597,60.0135366,30.3943049,3,walk
4001424598,60.0136542,30.3944239,4,walk
4234053753,60.0123998,30.4101596,3,walk
4350412689,60.0159339,30.3986866,3,walk
4350412703,60.0239071,30.3916078,3,walk
4350412704,60.024046,30.391101,3,walk
4350412707,60.0241386,30.3907634,3,walk
4350412710,60.0243009,30.3901708,3,walk
4350412716,60.0245665,30.3892019,3,walk
4350436565,60.0095655,30.3866953,3,walk
4350983015,60.0219014,30.393522,3,walk
4352416954,60.0153088,30.3965999,3,walk
4352416956,60.015522,30.3968132,3,walk
4352416958,60.0159998,30.3998568,3,walk
4352416970,60.0162121,30.3989524,3,walk
4352416977,60.0162985,30.3989113,3,walk
4352419063,60.0176925,30.4035171,3,walk
4484711269,59.9990947,30.3756802,3,walk
4596831416,60.0225008,30.3713417,4,walk
4596831417,60.0225972,30.3711962,3,walk
4600556767,60.017814,30.374026,3,walk
4600556768,60.0178263,30.3743826,4,walk
4621295340,59.9995641,30.3665054,3,walk
4667636697,60.0241572,30.406322,3,walk
4792446458,60.0149941,30.3877818,4,walk
4792446459,60.0150609,30.3874023,4,walk
4792446460,60.0154003,30.3854813,3,walk
4894441348,60.0105274,30.3845197,4,walk
4894441372,60.0118251,30.3905359,3,walk
4894441415,60.0136672,30.3894447,3,walk
4920527217,60.0302777,30.3779845,3,walk
4998960084,60.020235,30.4133253,4,walk
5024109940,60.0122668,30.4033159,3,walk
5054069437,60.0231139,30.377492,3,walk
5158441810,60.0076186,30.376227,3,walk
5189519421,60.0119905,30.3859173,3,walk
5189519422,60.0119617,30.3860836,4,walk
5189519429,60.0116135,30.3859647,3,walk
5189519430,60.0119796,30.3862096,3,walk
5189519432,60.0117678,30.3874375,3,walk
5189519440,60.0120809,30.3861562,3,walk
5337886658,60.0225961,30.3739102,3,walk
5337886664,60.0226026,30.374101,3,walk
5343715085,60.0176046,30.3702528,3,walk
5343715107,60.0172614,30.3703023,3,walk
5343715108,60.0171375,30.3703202,4,walk
5343715113,60.0178836,30.3701602,3,walk
5435916904,60.0146765,30.3857227,3,walk
5435916906,60.014823,30.3848339,3,walk
5498628627,60.0221208,30.4051771,3,walk
5499932426,60.0223623,30.4078441,3,walk
5572989925,60.0192474,30.3929697,3,walk
5572989928,60.019486,30.3911588,3,walk
5572989929,60.0190433,30.390744,3,walk
5572989931,60.0195958,30.3897502,3,walk
5572989937,60.0200607,30.3902511,3,walk
5572989938,60.0193785,30.3904482,3,walk
5572989971,60.0192853,30.3908986,3,walk
5572990023,60.0186842,30.3916087,3,walk
5590554593,60.012797,30.3963162,5,walk
5612583448,60.0232672,30.3720164,3,walk
5612583449,60.0240836,30.3723127,3,walk
5612583450,60.0238965,30.3717799,3,walk
5613641695,60.023396,30.3719115,4,walk
5613641696,60.0238057,30.3728189,4,walk
5613646641,60.0236087,30.3718517,3,walk
5613649002,60.0240955,30.372291,4,walk
5614180290,60.0243828,30.3731787,3,walk
5614852488,60.0185098,30.3783313,3,walk
5615770119,60.0233965,30.371349,4,walk
5615770120,60.0232559,30.3718914,3,walk
5615776108,60.0245936,30.3698378,4,walk
5615776109,60.0250392,30.3689975,3,walk
5615780040,60.0251126,30.3677069,3,walk
5615873341,60.0241825,30.3709934,3,walk
5615879455,60.0224895,30.3734454,3,walk
5615879456,60.0222194,30.3728931,3,walk
5615910106,60.024129,30.3698892,3,walk
5618284826,60.0264405,30.3683659,3,walk
5625470989,60.0245414,30.368828,3,walk
5625471033,60.0262823,30.3680797,3,walk
5627639226,60.0271922,30.3675802,3,walk
5718483699,60.0133534,30.3977768,3,walk
5718483700,60.013792,30.3976321,3,walk
5718483701,60.0155328,30.3908922,3,walk
5823242591,60.0230229,30.4068727,3,walk
5823242593,60.0231885,30.406908,3,walk
5823242594,60.0233206,30.4070402,3,walk
5823242595,60.0232176,30.4067942,3,walk
5823242596,60.0232458,30.4066838,3,walk
5823242597,60.0233769,30.4068255,3,walk
5823242598,60.0232749,30.40657,3,walk
5823242599,60.0234053,30.4067173,3,walk
5823242600,60.0233476,30.4069372,3,walk
6029537224,60.0254178,30.3694537,3,walk
6082747488,60.0264251,30.3683939,4,walk
6082747490,60.0271057,30.3673904,4,walk
6124097107,60.0088894,30.3762914,3,walk
6124097111,60.0088697,30.3769279,3,walk
6124097145,60.0106212,30.3809534,4,walk
6124097148,60.0105524,30.3812975,3,walk
6124097152,60.0106881,30.3806182,3,walk
6129863583,60.0078286,30.3892278,3,walk
6129863584,60.0076506,30.3894033,3,walk
6129863586,60.0085378,30.3906127,3,walk
6129870656,60.0095903,30.3726637,3,walk
6129870658,60.0094941,30.3725662,3,walk
6129870659,60.0086506,30.3710649,3,walk
6129870660,60.0086876,30.3715467,3,walk
6132006689,60.0079038,30.3906226,3,walk
6148113186,60.0083591,30.3798579,3,walk
6148113188,60.0083249,30.3795234,3,walk
6150804683,60.0094767,30.3720187,3,walk
6150804786,60.0094703,30.3720558,3,walk
6150804787,60.0095017,30.3718685,3,walk
6150804791,60.0091789,30.3705221,3,walk
6150804798,60.0092396,30.3720139,3,walk
6150804799,60.0094521,30.3721601,3,walk
6150805111,60.0095004,30.3707437,4,walk
6463685146,60.0195262,30.3967584,3,walk
6463685147,60.0193581,30.397401,3,walk
6463685148,60.0244512,30.401442,3,walk
6463685150,60.0252855,30.4021804,3,walk
6575766701,60.0079002,30.3841866,4,walk
6575766702,60.0082395,30.3821429,4,walk
6575766703,60.0087309,30.3791821,4,walk
6575766705,60.0077365,30.3852176,3,walk
6575766706,60.0077056,30.3854346,4,walk
6582820877,60.0268609,30.3903158,4,walk
6582820881,60.0282163,30.3901332,3,walk
6582820882,60.0278654,30.3913706,4,walk
6582820883,60.0275941,30.3923523,3,walk
6582820884,60.0280592,30.3899482,3,walk
6582853685,60.027706,30.3912032,4,walk
6582853686,60.0274356,30.3921778,3,walk
6582853687,60.0279138,30.389777,3,walk
6582853688,60.0275556,30.3910453,4,walk
6582853689,60.0272873,30.3920146,3,walk
6582853690,60.0277435,30.3895765,3,walk
6582853692,60.0273835,30.3908645,4,walk
6582853693,60.0275665,30.3893681,3,walk
6582853696,60.0273905,30.3891609,3,walk
6582853697,60.0270354,30.390499,4,walk
6582853698,60.0272078,30.3906801,4,walk
6621905155,60.0297755,30.3658037,3,walk
6695726113,60.0249313,30.3884581,4,walk
6695726114,60.0247037,30.3882285,3,walk
6698087119,60.0201675,30.3921919,4,walk
6698087120,60.0203061,30.3921234,3,walk
6698087122,60.0239358,30.3881476,4,walk
6698087123,60.0240045,30.3882233,3,walk
6698087124,60.0244619,30.3862058,4,walk
6698087125,60.024538,30.3862896,3,walk
6698087126,60.0243148,30.3867419,4,walk
6698087127,60.0243904,30.3868264,3,walk
6698087128,60.0241065,30.3875175,5,walk
6698087129,60.0241787,30.387597,3,walk
6698087132,60.0243281,30.3875984,3,walk
6698087134,60.0224573,30.3928795,3,walk
6698087137,60.0194785,30.3936347,3,walk
6698087138,60.0195587,30.3933061,3,walk
6698087139,60.0202348,30.3923803,3,walk
6698087141,60.0211949,30.3920933,3,walk
6698087143,60.0204429,30.3916302,3,walk
6698087144,60.0200183,30.3917746,4,walk
6710976869,60.0241016,30.3930062,3,walk
6813827870,60.0141314,30.3924933,4,walk
6813842892,60.0135083,30.3932552,3,walk
6813842913,60.0128427,30.3952409,3,walk
7136646858,60.008587,30.3701336,3,walk
7136848273,60.0079118,30.3750834,3,walk
7136848274,60.0081533,30.3752356,4,walk
7136848276,60.0085867,30.3755508,3,walk
7136848289,60.00591,30.3783075,3,walk
7136848290,60.0057052,30.3795389,3,walk
7136848295,60.0059592,30.3790362,4,walk
7137093675,60.0099093,30.3703742,3,walk
7137093676,60.0097073,30.3702106,3,walk
7137093678,60.0096152,30.3705987,3,walk
7137116503,60.0091641,30.3712061,3,walk
7146353733,60.0094979,30.3699436,3,walk
7146353735,60.0090482,30.3704315,3,walk
7146358019,60.0099049,30.3722303,4,walk
7146358021,60.0098982,30.3722701,3,walk
7146358032,60.0092537,30.3760887,3,walk
7146358034,60.0091987,30.3756456,3,walk
7146358057,60.0095931,30.3693332,3,walk
7146358058,60.0095247,30.3697713,3,walk
7146358062,60.0094476,30.3702408,3,walk
7146358063,60.0094769,30.3700679,3,walk
7146358064,60.0095006,30.3699262,3,walk
7146409247,60.0069844,30.3704526,3,walk
7146409259,60.0072131,30.3705925,3,walk
7146409262,60.0071509,30.3705558,3,walk
7181782479,60.0028507,30.3685535,3,walk
7181782483,60.0070402,30.3701189,3,walk
7200305547,60.0168008,30.3708846,4,walk
7200305548,60.0143802,30.3713945,4,walk
7200512202,60.0245395,30.3718276,4,walk
7200512203,60.0243931,30.3698479,4,walk
7200512204,60.0250397,30.3709168,4,walk
7200512205,60.0241804,30.3724492,4,walk
7200512206,60.0242565,30.3727196,4,walk
7292384997,59.9992101,30.3658275,3,walk
7292384998,59.9988474,30.3656831,3,walk
7414149843,60.0139395,30.3686693,3,walk
7414149844,60.0133056,30.3686936,3,walk
7414149847,60.0134056,30.3688004,3,walk
7414149848,60.0134186,30.3689822,3,walk
7427744260,59.9988712,30.3716619,3,walk
7427744262,59.9988216,30.371927,3,walk
7485697090,60.0279784,30.3950493,3,walk
7513855702,60.0247425,30.3985153,3,walk
7513855705,60.0238542,30.4016623,4,walk
7678502486,60.0139109,30.4099425,4,walk
7678502489,60.013567,30.4101495,3,walk
7678502490,60.0141675,30.4101138,3,walk
7678502492,60.0145396,30.4096997,3,walk
7678502493,60.0142956,30.4106993,3,walk
7743534461,60.0257184,30.3939222,4,walk
7743534462,60.0259437,30.3941619,3,walk
7743534466,60.0262971,30.3933163,3,walk
7743534467,60.0263885,30.393172,3,walk
7743534471,60.0273312,30.3931348,3,walk
7743534472,60.0266601,30.3922814,3,walk
7743534473,60.0274037,30.3929224,3,walk
7743534474,60.0267238,30.3920655,3,walk
7743534476,60.0272206,30.3942282,3,walk
7743534478,60.0275053,30.3933682,3,walk
7743534480,60.0270268,30.3940219,3,walk
7743534481,60.0265643,30.3925956,3,walk
7743534484,60.026492,30.3928328,3,walk
7743541086,60.0265388,30.3926791,3,walk
7743541087,60.026387,30.3925304,4,walk
7743541091,60.0260303,30.3931006,3,walk
7743541094,60.026225,30.3923918,3,walk
7743541096,60.0263414,30.3946353,3,walk
7743541099,60.02654,30.3950068,3,walk
7743541100,60.0268854,30.3938336,3,walk
7743541101,60.026367,30.3947358,3,walk
7743541103,60.0262724,30.3935742,3,walk
7743541105,60.0264336,30.3937667,3,walk
7743541106,60.0262208,30.3944917,3,walk
7743541107,60.0260543,30.3942935,3,walk
7743541112,60.0252487,30.3961272,4,walk
7743541115,60.0261584,30.3947697,3,walk
7743541123,60.0258837,30.3967995,3,walk
7743541126,60.0260594,30.3969533,3,walk
7743541127,60.0264538,30.3952853,3,walk
7743541128,60.0266691,30.3955048,3,walk
7743541132,60.0261881,30.397066,3,walk
7743541136,60.026093,30.3981277,3,walk
7743541141,60.0255125,30.3963859,3,walk
7743541142,60.0253597,30.3969201,3,walk
7872807665,60.0052539,30.3769581,3,walk
7872807669,60.0049342,30.3754758,4,walk
7872807673,60.0046016,30.3733095,3,walk
7872807676,60.0046895,30.3738654,4,walk
7872807677,60.0050087,30.3758656,4,walk
7872807678,60.0052099,30.3766259,4,walk
7875759427,60.0246296,30.3701377,3,walk
7875759429,60.0245603,30.3691346,4,walk
7875759432,60.0249473,30.3692827,3,walk
7875759436,60.0250761,30.3693087,3,walk
7875759438,60.0250081,30.3681366,3,walk
7875759439,60.0251309,30.3680477,3,walk
7875759442,60.0250433,30.3691127,4,walk
8021294759,60.0031298,30.3690738,3,walk
8021294761,60.0030198,30.3697064,3,walk
8021294763,60.0039369,30.3705835,3,walk
8021294764,60.0029876,30.3698877,3,walk
8021294767,60.0029753,30.3699675,3,walk
8654928269,60.0129119,30.3807999,3,walk
8654928274,60.0119351,30.379976,3,walk
8654928276,60.0115879,30.379771,3,walk
8739585060,60.0157812,30.3861615,3,walk
8739585068,60.0121187,30.3853324,3,walk
8739585071,60.0122727,30.385327,3,walk
8739585073,60.0106071,30.3847276,3,walk
8837071174,60.0243582,30.3778194,3,walk
8837071175,60.0241607,30.3781415,3,walk
8840962343,60.0220066,30.4106599,3,walk
8840962350,60.0217946,30.4105642,3,walk
8840962374,60.0221277,30.4107416,3,walk
8840962380,60.0225567,30.4103526,3,walk
8840962389,60.0224669,30.4099598,3,walk
8840962398,60.0221376,30.409295,3,walk
8840962400,60.0210414,30.4138189,3,walk
8840962404,60.0208777,30.4130006,3,walk
8840962411,60.0208602,30.4155137,4,walk
8840962413,60.0207561,30.4158273,3,walk
8840971022,60.0202578,30.4170112,3,walk
8840971024,60.0201594,30.4171553,3,walk
8906774191,60.0246643,30.3952729,3,walk
8906774193,60.0248025,30.3954255,3,walk
9053653640,60.0249772,30.3990338,3,walk
9088325124,60.0172025,30.4010734,3,walk
9088518802,60.012621,30.3896107,3,walk
9088568723,60.0096887,30.3907223,3,walk
9088568747,60.0138004,30.3932371,3,walk
9088984826,60.0239339,30.372932,3,walk
9088984827,60.0238396,30.3729151,3,walk
9088984835,60.0242546,30.3757746,3,walk
9088984838,60.0208004,30.3784413,3,walk
9088984839,60.0207748,30.3783876,4,walk
9101885389,60.0254993,30.3800243,3,walk
9219958903,60.0058059,30.3789368,3,walk
9233394407,60.0222845,30.4092189,3,walk
9233394413,60.0227085,30.4089224,3,walk
9233401317,60.0225618,30.4094937,4,walk
9233401318,60.022444,30.4086215,3,walk
9236247294,60.0192284,30.3677629,3,walk
9236247298,60.0256864,30.3669524,3,walk
9236247299,60.0256601,30.3664138,3,walk
9236247302,60.0258739,30.3669094,3,walk
9236247304,60.0254177,30.3664622,4,walk
9236247308,60.0254042,30.3661586,3,walk
9236252419,60.0299065,30.3659065,3,walk
9236252431,60.0297237,30.3653066,3,walk
9236298913,60.0167903,30.3779073,4,walk
9241903041,60.0249658,30.3948391,3,walk
9241903049,60.0269674,30.3879561,3,walk
9241903050,60.0269923,30.3880908,3,walk
9241903051,60.0272142,30.3871537,3,walk
9241903052,60.0272669,30.3869856,3,walk
9241903053,60.0275621,30.3874084,3,walk
9325483948,60.0126419,30.4005564,3,walk
9325483951,60.0125791,30.4011981,3,walk
9325483977,60.0131277,30.3993669,3,walk
9325483978,60.0131693,30.3991997,4,walk
9325483980,60.0131095,30.3991406,3,walk
9392574903,60.0156754,30.380634,4,walk
9392574904,60.0140265,30.3795128,4,walk
9392574905,60.0092283,30.3762159,3,walk
9495731552,60.0130242,30.3800942,3,walk
9495734931,60.0124745,30.3796138,4,walk
9495742605,60.0125821,30.3802976,4,walk
9495742606,60.0124829,30.3795635,4,walk
9495742607,60.012559,30.3802818,3,walk
9495742608,60.0123833,30.3801616,3,walk
9495742609,60.0119566,30.379845,4,walk
9495742612,60.0124898,30.3795222,3,walk
9495742613,60.0126049,30.3803133,3,walk
9495742645,60.0107019,30.3797303,3,walk
9495742646,60.0107876,30.3791938,3,walk
9495742647,60.0104125,30.3795441,3,walk
9495742653,60.0102065,30.3794114,3,walk
9495742662,60.0116576,30.3793754,3,walk
9495742686,60.0143113,30.3801665,4,walk
9495742688,60.0156805,30.3811133,3,walk
9495742729,60.0131003,30.3792501,3,walk
9495742750,60.011935,30.3798299,3,walk
9495742758,60.0118642,30.3784124,3,walk
9500492366,60.0074666,30.3753767,3,walk
9500492371,60.0076992,30.3757159,3,walk
9701329161,60.0266256,30.3793011,3,walk
9734611591,60.0232446,30.4011341,3,walk
9782425709,60.0211099,30.373646,3,walk
9923342357,60.0108498,30.4076624,3,walk
9923342359,60.0129722,30.3968645,5,walk
9923342360,60.012897,30.3965047,4,walk
9923342361,60.0128472,30.3966847,6,walk
9923342362,60.0127604,30.3967219,4,walk
9923342371,60.0166477,30.3806315,3,walk
9933366870,60.0125587,30.4099957,3,walk
10032209910,60.0254337,30.3907733,3,walk
10032256422,60.0243877,30.3861252,4,walk
10032256423,60.0239707,30.3856773,3,walk
10032256424,60.024164,30.3873033,3,walk
10032256434,60.0235816,30.3871645,3,walk
10032256437,60.0240138,30.3875291,4,walk
10032256439,60.0240926,30.3872345,4,walk
10032256440,60.0240353,30.3874487,3,walk
10032256441,60.0242442,30.3866689,4,walk
10032256442,60.0244629,30.3858385,3,walk
10032256445,60.024419,30.3857934,3,walk
10032256448,60.0240415,30.3854063,3,walk
10213914558,60.0148195,30.4101203,3,walk
10229623423,60.0298269,30.3668202,3,walk
10229623424,60.0298776,30.3666301,3,walk
10244350014,60.031394,30.3790776,3,walk
10244350017,60.0314033,30.3797696,3,walk
10244350019,60.0313338,30.3805729,3,walk
10244350021,60.0310541,30.381576,3,walk
10244350022,60.0305535,30.3777871,3,walk
10244350029,60.0316814,30.3786066,3,walk
10578866878,60.021477,30.4102316,3,walk
10578866883,60.0216126,30.4095398,3,walk
10578866891,60.0205631,30.4166121,3,walk
10603021940,60.013042,30.3792127,3,walk
10603021941,60.0130983,30.3788863,3,walk
10603021944,60.0119495,30.3784702,3,walk
10603021945,60.0120029,30.3781215,3,walk
10671404406,60.0091298,30.3765219,3,walk
10671404431,60.0091937,30.3761754,3,walk
10705548001,60.025529,30.3832584,3,walk
10747545700,60.0187079,30.3695402,4,walk
10747545701,60.0188113,30.3700562,4,walk
10747553005,60.0188836,30.3714019,3,walk
10747553006,60.0185828,30.3688999,4,walk
10747553007,60.0186042,30.369009,4,walk
10747553008,60.0188827,30.3708136,4,walk
10747553009,60.0190978,30.3718837,3,walk
10747553012,60.0191437,30.3724548,3,walk
10779075304,60.0022603,30.3819569,4,walk
10779097305,60.0022829,30.3818543,3,walk
10779097403,60.0017159,30.3814175,3,walk
10790810034,60.009268,30.393297,3,walk
10790810036,60.0095937,30.3939533,3,walk
10790810077,60.0072134,30.3886849,3,walk
10790846442,60.0074303,30.3853484,3,walk
10790943555,60.0099288,30.3939587,3,walk
10790943569,60.0118282,30.3944057,3,walk
10790943570,60.0116983,30.3949631,4,walk
10790943571,60.0115499,30.3955999,3,walk
10790943573,60.0098464,30.3938754,3,walk
10790943575,60.00998,30.3935946,3,walk
10790943584,60.0104602,30.3933466,3,walk
10790943591,60.0112128,30.3938739,3,walk
10790943599,60.0115804,30.3941569,3,walk
10790943600,60.011467,30.3940392,3,walk
10790943602,60.0116923,30.394273,3,walk
10790943609,60.0092445,30.3921911,3,walk
10790943622,60.0070655,30.3905106,4,walk
10790943624,60.0070676,30.3903051,3,walk
10790943627,60.0073256,30.3887612,3,walk
10790943628,60.0069787,30.3905844,3,walk
10790943631,60.0069171,30.3906367,3,walk
10790943633,60.0081161,30.391636,4,walk
10790943634,60.0089797,30.3930094,3,walk
10790943635,60.008528,30.3925517,3,walk
10790943636,60.0086339,30.3921414,4,walk
10790943637,60.009136,30.3926508,3,walk
10790943641,60.0072127,30.3907223,3,walk
10790943643,60.0071058,30.3904763,4,walk
10790943644,60.0075855,30.3891069,3,walk
10880913815,60.0292571,30.3708307,3,walk
10880913821,60.0295732,30.3697092,3,walk
10880913842,60.0289209,30.3705122,3,walk
10880913843,60.0297034,30.3673293,4,walk
10896965930,60.0183059,30.3743384,3,walk
10896965931,60.018396,30.3743161,4,walk
10896965932,60.0194341,30.37406,3,walk
10896965933,60.0180005,30.3744137,3,walk
10896965934,60.0179053,30.3747367,4,walk
10896965935,60.0180287,30.3751166,3,walk
10896965938,60.0175878,30.376108,3,walk
10896965939,60.0176265,30.3761248,3,walk
10896965940,60.0174264,30.3764655,3,walk
10896965944,60.017656,30.3782755,4,walk
10896965945,60.0179307,30.3783149,4,walk
10896965946,60.0181129,30.3782976,4,walk
10896965947,60.0172669,30.3788632,3,walk
10896965949,60.0168588,30.3794564,3,walk
11055673334,60.0204634,30.4167629,3,walk
11055673388,60.0208329,30.412699,3,walk
11057285290,60.0113387,30.4073412,3,walk
11077851920,60.0219994,30.3900024,3,walk
11077851925,60.0275746,30.371645,3,walk
11077851930,60.0274991,30.3717807,4,walk
11077851936,60.0278377,30.3728017,3,walk
11077851938,60.0279999,30.37217,4,walk
11077851939,60.0276991,30.3724829,3,walk
11077851940,60.0280099,30.3731494,3,walk
11077851941,60.0280909,30.3732296,3,walk
11077851942,60.0279591,30.3733505,3,walk
11077851943,60.0280407,30.3734304,3,walk
11077851944,60.0279944,30.3736151,3,walk
11077851945,60.0280798,30.372873,3,walk
11077851948,60.0278489,30.3737888,3,walk
11077851950,60.02675,30.3774747,3,walk
11077851951,60.0269065,30.3776384,3,walk
11077851952,60.0264528,30.3792868,3,walk
11077851962,60.0255803,30.3830715,4,walk
11077851963,60.0252848,30.3841709,3,walk
11077851970,60.0253716,30.3830453,3,walk
11077851971,60.0251405,30.3837196,3,walk
11077851982,60.0239081,30.3683437,3,walk
11077851983,60.0238902,30.3680335,3,walk
11077851988,60.0236119,30.3680687,3,walk
11077851989,60.0239774,30.3683312,3,walk
11077851990,60.0234913,30.3684186,4,walk
11077851992,60.0234738,30.368881,3,walk
11077851995,60.0233021,30.3689348,3,walk
11077851996,60.0234575,30.3684219,4,walk
11077852003,60.0233874,30.368705,4,walk
11077855006,60.0234024,30.368918,3,walk
11077855009,60.0233669,30.369048,3,walk
11077855014,60.0233237,30.3692338,3,walk
11077855015,60.0231846,30.3692517,3,walk
11077855016,60.0234151,30.3693168,3,walk
11077855022,60.0233401,30.3696801,4,walk
11077855036,60.0235219,30.3703072,3,walk
11077855038,60.0234872,30.3692794,3,walk
11077855040,60.0233729,30.3693518,3,walk
11077855044,60.0232758,30.3696871,4,walk
11077855048,60.0234004,30.3699747,4,walk
11077855049,60.0235129,30.3700396,3,walk
11077855050,60.0231854,30.3696982,3,walk
11077855051,60.0235002,30.3696627,3,walk
11077855053,60.0232282,30.3705873,3,walk
11077855056,60.0236485,30.3713065,3,walk
11077855057,60.0235442,30.370968,3,walk
11077855060,60.0240091,30.3690601,3,walk
11079689999,60.0169782,30.3870154,3,walk
11079690003,60.0130881,30.3981943,4,walk
11079690004,60.013212,30.3981698,5,walk
11079692105,60.0133202,30.3977435,3,walk
11079692129,60.0132627,30.3975122,3,walk
11079692148,60.0148642,30.3918782,3,walk
11079692170,60.0169731,30.3862477,3,walk
11079692173,60.0157422,30.3858544,3,walk
11079692174,60.0157866,30.3855952,3,walk
11079692187,60.0161845,30.3834749,3,walk
11079692188,60.0161554,30.3834524,3,walk
11079692189,60.0169475,30.3823619,3,walk
11079692190,60.0170191,30.3819498,3,walk
11079692191,60.0170482,30.3821587,3,walk
11079692192,60.0169946,30.381774,3,walk
11079692241,60.0144165,30.3826782,3,walk
11079692244,60.0145196,30.3816752,3,walk
11079692247,60.014092,30.3815384,3,walk
11079692248,60.0139553,30.3823203,3,walk
11079692255,60.0147815,30.3804917,4,walk
11079692258,60.0146872,30.381014,3,walk
11079692266,60.0161859,30.381394,3,walk
11079692267,60.0162098,30.3812627,3,walk
11079692268,60.0164044,30.3820184,3,walk
11079692269,60.0164311,30.3815588,3,walk
11079692270,60.0164943,30.3811958,3,walk
11079692297,60.0164992,30.3777246,3,walk
11079692300,60.0170138,30.3785883,3,walk
11079692352,60.0162502,30.3682943,3,walk
11079732756,60.0105647,30.4082543,3,walk
11079732759,60.0112001,30.4057175,4,walk
11079732760,60.0110736,30.4062213,3,walk
11079732767,60.0121236,30.402656,3,walk
11079732768,60.0119977,30.4025247,3,walk
11079732769,60.0120685,30.4028751,3,walk
11079732771,60.0125361,30.4003811,4,walk
11079732773,60.0114704,30.4046239,4,walk
11079764707,60.0189193,30.4167288,3,walk
11079764708,60.0188815,30.4168883,3,walk
11079764709,60.0187623,30.4167663,3,walk
11079764710,60.0187617,30.4165691,3,walk
11079764712,60.0190427,30.4170533,3,walk
11079764857,60.0146401,30.4126196,3,walk
11085766636,60.0297725,30.3781478,4,walk
11085766676,60.0296687,30.3780435,3,walk
11088626092,60.0205607,30.3705845,3,walk
11088626094,60.0213446,30.3724505,3,walk
11088656311,60.0207461,30.3703877,3,walk
11088656320,60.0208507,30.3704397,3,walk
11088656332,60.0201562,30.3694545,3,walk
11089155741,60.0236088,30.3991131,3,walk
11089155742,60.023764,30.3992808,3,walk
11089160982,60.0217383,30.4078575,3,walk
11089218423,60.0189437,30.39357,3,walk
11089218424,60.0188282,30.3941079,3,walk
11089218446,60.0175654,30.3997844,3,walk
11089218447,60.0174073,30.4002481,3,walk
11089218451,60.0188994,30.3915353,3,walk
11089218454,60.0186229,30.3926422,3,walk
11089218485,60.019007,30.3882455,3,walk
11089218486,60.0190506,30.3885917,3,walk
11089242107,60.0172507,30.3872446,3,walk
11092058272,60.0167318,30.4005973,4,walk
11092058273,60.0168624,30.4000536,3,walk
11092058274,60.0168137,30.4002562,4,walk
11094003275,60.0224366,30.4039435,3,walk
11094003280,60.0219449,30.4040103,3,walk
11094003283,60.0223651,30.4036308,3,walk
11094003284,60.0221832,30.4038276,3,walk
11094003286,60.022271,30.404629,3,walk
11094003287,60.0222116,30.4040125,4,walk
11094003296,60.0220397,30.405503,5,walk
11094003297,60.0216223,30.4050764,3,walk
11094003299,60.0218606,30.4048249,3,walk
11094003303,60.0216983,30.4051682,4,walk
11094028105,60.0210699,30.4053635,3,walk
11094028110,60.0248266,30.3987011,3,walk
11102967425,60.0245324,30.4003767,3,walk
11102967429,60.0242283,30.400984,4,walk
11206695342,60.0166864,30.4053394,4,walk
11206695345,60.0165097,30.4059119,4,walk
11206695346,60.0164383,30.4061949,4,walk
11206695347,60.0166309,30.4063945,3,walk
11206695348,60.0163672,30.4061211,3,walk
11264362973,60.0260175,30.3758555,3,walk
11264362984,60.0231541,30.374239,3,walk
11264362992,60.0252041,30.372836,3,walk
11264362994,60.0250569,30.3768952,4,walk
11264362995,60.0248757,30.3770059,3,walk
11264362996,60.0244426,30.3763127,3,walk
11264362997,60.0242448,30.3765898,3,walk
11264362998,60.0246229,30.3767229,3,walk
11264363000,60.0244478,30.3766919,4,walk
11264363001,60.0243545,30.3764362,4,walk
11264363002,60.0241429,30.3759242,3,walk
11264363003,60.0240414,30.3760793,3,walk
11264363036,60.0239241,30.375172,3,walk
11264363038,60.0230763,30.3744605,3,walk
11264363040,60.0233655,30.3749819,3,walk
11264363041,60.0233442,30.3748556,3,walk
11264363042,60.0244784,30.3724108,3,walk
11264363043,60.0244718,30.3725268,4,walk
11264363045,60.0244743,30.373107,3,walk
11264363046,60.0261957,30.3747933,6,walk
11264363047,60.0264099,30.3748275,3,walk
11264363048,60.0262875,30.3750994,3,walk
11264363053,60.0264287,30.3747937,3,walk
11264363056,60.0263088,30.3756121,3,walk
11269073848,60.0288356,30.3685608,3,walk
11269094173,60.0288024,30.3672758,3,walk
11269094174,60.0290459,30.3669285,3,walk
11276937496,60.0049153,30.3834402,4,walk
11276937497,60.0049854,30.383485,4,walk
11276937498,60.0048558,30.3834011,3,walk
11403368327,60.0124432,30.395526,3,walk
11403368328,60.0125644,30.3950061,3,walk
11403368329,60.0127044,30.3950025,3,walk
11403368331,60.0126544,30.3949505,3,walk
11403368333,60.0128736,30.3951898,3,walk
11403368334,60.0126482,30.3947852,3,walk
11403368337,60.012575,30.3947393,3,walk
11403368339,60.0125272,30.3948266,3,walk
11403368357,60.0123472,30.395572,3,walk
11403368372,60.0121824,30.3958239,3,walk
11403368373,60.0121033,30.3957474,3,walk
11403368406,60.0134356,30.3989361,3,walk
11403368407,60.0135393,30.3984971,3,walk
11403368408,60.0135613,30.3990657,3,walk
11403368409,60.013666,30.3986188,3,walk
11403368410,60.0134031,30.3989025,3,walk
11432904333,60.0156927,30.4029285,4,walk
11446014869,60.0159857,30.393328,3,walk
11536821600,60.009606,30.386472,3,walk
11536821603,60.0102754,30.3871601,3,walk
11690974794,60.0195104,30.3780615,4,walk
11690974795,60.0191154,30.378168,4,walk
11758964009,60.012188,30.3940137,3,walk
11789736637,60.0080804,30.3873423,3,walk
11789736639,60.0080784,30.3861913,3,walk
11789736642,60.0079545,30.3861081,3,walk
11789736657,60.0088784,30.3872632,3,walk
11789736663,60.0088209,30.3875955,3,walk
11789744270,60.009568,30.3888165,3,walk
11789744273,60.0098569,30.3898736,3,walk
11884157460,60.0164781,30.3890999,3,walk
11884157465,60.0161981,30.3896145,3,walk
11884157466,60.0160762,30.3895266,3,walk
11884852150,59.9982328,30.3671284,3,walk
11884852151,59.9980857,30.3670487,3,walk
11884852152,59.9983327,30.3663647,3,walk
11884852153,59.9981215,30.366762,3,walk
11884852159,59.99762,30.3715555,3,walk
11884852161,59.9973968,30.3723925,3,walk
11897418734,60.0132094,30.3862159,3,walk
11897418740,60.0140525,30.3869666,3,walk
11897418742,60.0136468,30.3892291,3,walk
11897418743,60.0146053,30.3898995,4,walk
11897418744,60.0138552,30.3895791,3,walk
11897418745,60.0138925,30.3899034,3,walk
11897418746,60.0146196,30.3903954,3,walk
11897418747,60.0145239,30.3903301,4,walk
11897418749,60.0143973,30.3909847,3,walk
11897418750,60.0145232,30.3909306,3,walk
11897418751,60.0142096,30.3925591,3,walk
11897418752,60.01373,30.3945008,3,walk
11897418753,60.0134017,30.3958587,3,walk
11897418754,60.0133202,30.3956273,3,walk
11897418760,60.0133268,30.3939342,3,walk
11897418761,60.0130541,30.3936633,3,walk
11897418762,60.0133434,30.3945208,3,walk
11897418763,60.0132263,30.3949779,3,walk
11897418764,60.0134232,30.3942095,3,walk
11897418765,60.0132938,30.3940729,3,walk
11897418766,60.0130223,30.3951861,3,walk
11897418767,60.010795,30.3935704,3,walk
11929379866,60.0128571,30.3811781,3,walk
12031466679,60.0298599,30.3774153,4,walk
12031466682,60.0300183,30.3772581,3,walk
12031494088,60.0311756,30.3690677,3,walk
12031494105,60.0305771,30.3688972,3,walk
12031494114,60.0310648,30.368464,4,walk
12033623469,60.0226935,30.3669633,3,walk
12040978879,60.0062883,30.3721315,4,walk
12040978926,60.0072234,30.3726008,3,walk
12040978927,60.0065923,30.3721934,3,walk
12040978928,60.0071354,30.3730856,3,walk
12040978929,60.0065112,30.372667,3,walk
12040978931,60.0071998,30.3725866,4,walk
12040978932,60.0068359,30.372603,3,walk
12040978933,60.0070096,30.3727204,3,walk
12040978938,60.0070746,30.3727662,3,walk
12040978939,60.0071917,30.3728436,3,walk
12040978940,60.0071732,30.3728311,4,walk
12040978944,60.0065673,30.3723396,3,walk
12040978945,60.0065355,30.3725252,3,walk
12040978952,60.0062108,30.3744563,3,walk
12040978953,60.0059736,30.3743968,4,walk
12040978955,60.0060944,30.3741566,4,walk
12040978957,60.0062932,30.3739616,3,walk
12040978959,60.0058685,30.3743147,3,walk
12041018076,60.0048504,30.3744923,3,walk
12041018079,60.005576,30.3733237,3,walk
12041018081,60.0052115,30.3735779,3,walk
12041018083,60.0063082,30.3730141,3,walk
12041018087,60.0061224,30.3747381,3,walk
12041018092,60.0057242,30.3761012,3,walk
12041018096,60.005489,30.3767049,4,walk
12041018097,60.0053034,30.3765874,3,walk
12041018099,60.0056131,30.3762462,3,walk
12041018101,60.005464,30.3780035,3,walk
12041018103,60.0052642,30.3788884,3,walk
12041018128,60.0047555,30.3804371,3,walk
12041018129,60.0044321,30.3806975,3,walk
12041018133,60.0045925,30.3806122,3,walk
12041018137,60.0049053,30.3828273,4,walk
12041018138,60.0048235,30.3825702,4,walk
12041018142,60.0056121,30.3800685,3,walk
12041018147,60.0069497,30.3784149,3,walk
12041018148,60.006173,30.3804502,4,walk
12041018151,60.0061597,30.3805025,3,walk
12041018152,60.0066355,30.380837,3,walk
12041018153,60.0065672,30.3812506,3,walk
12041018158,60.0069287,30.3798084,3,walk
12041018159,60.0072308,30.3791116,3,walk
12041018163,60.0059957,30.3777677,3,walk
12041018164,60.0073286,30.3786612,3,walk
12041018165,60.0068592,30.3780746,3,walk
12041018167,60.0068175,30.3783252,4,walk
12041018168,60.0066037,30.3778926,3,walk
12041018173,60.0065568,30.3781483,4,walk
12041018174,60.0061781,30.3775894,3,walk
12041018176,60.0061326,30.3778605,4,walk
12041018177,60.0069917,30.378169,3,walk
12041018193,60.0073394,30.3752901,3,walk
12041018194,60.0070256,30.377955,3,walk
12041018195,60.0071679,30.378048,3,walk
12041018196,60.007607,30.3754697,3,walk
12041018197,60.0074383,30.37555,4,walk
12041018198,60.0075782,30.3756389,4,walk
12041018200,60.007391,30.3781925,3,walk
12041018203,60.0077031,30.3762844,4,walk
12041018208,60.0078386,30.3755026,3,walk
12041018217,60.0041254,30.370752,4,walk
12041018218,60.0041624,30.3705358,3,walk
12041018226,60.004244,30.3708874,3,walk
12041018231,60.0037096,30.3723933,4,walk
12041018240,60.0033507,30.3756417,4,walk
12041018247,60.0027499,30.3769676,3,walk
12041018254,60.0026252,30.3777068,3,walk
12041018260,60.0024026,30.37756,3,walk
12041018263,60.0024328,30.3773937,4,walk
12041018276,60.0024839,30.3808106,4,walk
12041018280,60.0067939,30.3728563,4,walk
12041018281,60.0068737,30.3723755,4,walk
12041305020,60.0042759,30.3792779,4,walk
12041305021,60.0043061,30.3791043,3,walk
12041305024,60.0048966,30.3792709,4,walk
12041305025,60.0044515,30.3793969,3,walk
12118188084,60.0025398,30.3683921,3,walk
12118188123,60.0031012,30.369762,3,walk
12118188156,60.0022227,30.3701391,3,walk
12118188157,60.0028735,30.3705629,3,walk
12118188161,60.0016469,30.3666997,3,walk
12118188163,60.0013907,30.3671497,3,walk
12118188164,60.0014225,30.3669405,3,walk
12118188166,60.002512,30.3685671,3,walk
12118188167,60.0026672,30.368474,3,walk
12118188168,60.002533,30.3684349,3,walk
12118869632,60.0006369,30.3716137,4,walk
12118869651,60.000542,30.3721812,3,walk
12118869655,60.000405,30.3730012,3,walk
12118869658,60.0005827,30.3733197,3,walk
12118869680,60.0035653,30.3720656,3,walk
12118869682,60.0007668,30.374368,4,walk
12118869686,60.0018594,30.374887,4,walk
12118869691,60.003057,30.3756252,3,walk
12118869692,60.0011469,30.3745709,3,walk
12118869697,60.0008525,30.3738476,5,walk
12118869702,60.0008191,30.3740508,3,walk
12118869703,60.0008717,30.3740863,4,walk
12118869704,60.0030023,30.3675738,3,walk
12118869705,60.0027983,30.3671852,3,walk
12118869770,60.0028343,30.3705374,3,walk
12118869772,60.0026418,30.370412,3,walk
12118869773,60.002672,30.3702405,3,walk
12118869774,60.0024506,30.3702875,3,walk
12118869775,60.0024804,30.3701213,3,walk
12118869776,60.0022623,30.3701649,3,walk
12118869794,60.0023126,30.3700102,3,walk
12118869795,60.0027457,30.3702886,3,walk
12118869798,60.002733,30.3702412,3,walk
12118869799,60.0026636,30.3702353,3,walk
12118869802,60.0026535,30.3701892,3,walk
12118869803,60.0024907,30.3701277,3,walk
12118869806,60.0025181,30.3701005,3,walk
12118869807,60.0023971,30.3700662,3,walk
12118869810,60.0024234,30.3700385,3,walk
12120145183,60.0108201,30.3705885,3,walk
12120145184,60.0107702,30.3708589,3,walk
12120145189,60.0112836,30.3692698,3,walk
12120145190,60.0112468,30.3694788,4,walk
12120145191,60.0110263,30.3710439,3,walk
12120145196,60.0113884,30.3703901,3,walk
12120174504,60.0114037,30.3713029,4,walk
12120174509,60.0109511,30.3711061,3,walk
12120174612,60.0108642,30.3693637,3,walk
12120174613,60.0108706,30.3695641,3,walk
12135971793,60.0238334,30.4016812,3,walk
12135971799,60.0232971,30.4026257,3,walk
12135989501,60.0232616,30.4027535,4,walk
12135989502,60.0235901,30.4015704,3,walk
12135989508,60.0240328,30.4073389,3,walk
12135989517,60.024068,30.4085342,3,walk
12135989518,60.0240587,30.407221,3,walk
12135989530,60.0237165,30.4047163,3,walk
12135989534,60.023477,30.4038092,3,walk
12135989538,60.0237813,30.4032695,3,walk
12135989539,60.0235418,30.4041521,3,walk
12135989541,60.0236192,30.4031086,3,walk
12135989548,60.022788,30.4044579,3,walk
12135989561,60.0233603,30.4012929,3,walk
12135989567,60.0240814,30.3981348,3,walk
12150422835,60.0170937,30.3782349,3,walk
12150422836,60.0167692,30.3780294,3,walk
12231219014,60.0155129,30.4089774,3,walk
12231219015,60.015358,30.4091414,3,walk
12231219018,60.0156752,30.4087381,3,walk
12231219019,60.0154238,30.4088885,4,walk
12231219020,60.015284,30.4094257,4,walk
12231219021,60.0154399,30.4090547,4,walk
12231219022,60.0151025,30.4097769,3,walk
12231219023,60.0148907,30.4100069,3,walk
12231219025,60.0156897,30.4089963,5,walk
12231219031,60.016836,30.4066048,3,walk
12231219033,60.0167373,30.4066113,3,walk
12231219034,60.0167594,30.4065263,4,walk
12231219035,60.016866,30.4064599,3,walk
12231219037,60.0167719,30.406172,4,walk
12231219039,60.0165756,30.4063372,3,walk
12231219040,60.0174681,30.4029721,3,walk
12231219056,60.0169623,30.4031003,4,walk
12231219059,60.0170002,30.402498,3,walk
12231219060,60.0169714,30.4037998,4,walk
12231219061,60.0169934,30.4039035,3,walk
12231219062,60.0169167,30.4040704,3,walk
12231219063,60.0168113,30.4039565,4,walk
12231219064,60.0168183,30.4044293,3,walk
12231219065,60.0167193,30.4043145,4,walk
12231219066,60.0167245,30.4047712,3,walk
12231219067,60.0166303,30.4046611,4,walk
12231219081,60.0163619,30.4036824,3,walk
12231219090,60.0159742,30.4038922,3,walk
12231219092,60.0159276,30.4037679,3,walk
12231219093,60.0160121,30.4037231,3,walk
12231219094,60.0160677,30.4031838,4,walk
12231219095,60.0161916,30.4031412,4,walk
12231219097,60.0161089,30.4029895,3,walk
12231237414,60.015634,30.4029994,3,walk
12231237421,60.015603,30.4030369,3,walk
12231237422,60.0155346,30.4023565,3,walk
12231237423,60.0156131,30.4024392,3,walk
12231237435,60.0160957,30.4056391,3,walk
12231237436,60.0160558,30.4054538,3,walk
12231237438,60.0171552,30.402655,3,walk
12231237439,60.0172837,30.402151,3,walk
12231237442,60.0176006,30.4031064,3,walk
12231237444,60.0175405,30.4024085,3,walk
12231237447,60.0175605,30.4030658,3,walk
12231237448,60.0176818,30.4027547,4,walk
12231237450,60.0172444,30.4023039,4,walk
12231237451,60.0175437,30.4026105,4,walk
12231237452,60.0168245,30.4013204,3,walk
12231237454,60.0169464,30.4008143,3,walk
12231237455,60.0169687,30.4008369,3,walk
12231237457,60.0169407,30.4014377,3,walk
12231237462,60.0167379,30.4012331,3,walk
12231237463,60.0164936,30.4009866,3,walk
12231237464,60.0166137,30.4004778,3,walk
12231237466,60.0166617,30.4011561,3,walk
12231237467,60.0165472,30.4007622,4,walk
12231237469,60.0164703,30.4003328,3,walk
12231237471,60.0171958,30.4016955,3,walk
12231888030,60.0160103,30.4059798,3,walk
12231888031,60.0158369,30.4057883,3,walk
12231888032,60.0156808,30.4064015,3,walk
12231888033,60.015858,30.4065929,3,walk
12231888034,60.015935,30.4058986,3,walk
12231888035,60.01578,30.4065088,3,walk
12231888087,60.0138529,30.4101899,3,walk
12231888088,60.0137378,30.4099948,3,walk
12231888089,60.0138225,30.4101384,3,walk
12231888090,60.0138693,30.4099222,3,walk
12308919620,60.0026544,30.3794087,3,walk
12403745269,60.0006597,30.37636,4,walk
12403745293,60.0011813,30.3802272,3,walk
12403745294,60.0009854,30.3800244,3,walk
12403745297,60.0013064,30.3781079,3,walk
12403745298,60.0006754,30.3776584,3,walk
12403745300,60.0006458,30.3778348,3,walk
12404251201,60.000532,30.3777581,3,walk
12404251202,60.0006123,30.3780342,3,walk
12404251203,60.0005148,30.3779653,3,walk
12404251204,60.0005457,30.3784308,3,walk
12404251205,60.0004798,30.3783857,3,walk
12404251206,60.0005137,30.3786211,3,walk
12404251207,60.000463,30.378588,3,walk
12404251208,60.0010073,30.3798875,3,walk
12404251210,60.0005434,30.3795422,3,walk
12404251213,60.0008936,30.3799307,3,walk
12404251214,60.0009143,30.3798127,3,walk
12404251215,60.0008073,30.3797293,3,walk
12404251216,60.0007908,30.3798234,3,walk
12404251218,60.0011962,30.3801396,3,walk
12404251221,60.001593,30.3778394,3,walk
12404251222,60.0012407,30.3789639,3,walk
12404251223,60.0013794,30.379064,3,walk
12404251234,60.000373,30.375689,3,walk
12404251235,60.0002516,30.3754074,3,walk
12404251237,60.000382,30.376466,3,walk
12404251260,60.0020575,30.3732857,3,walk
12404251264,60.0021209,30.3732844,3,walk
12404251266,60.0023338,30.373412,3,walk
12404251284,60.002792,30.3733616,3,walk
12404251286,60.0031589,30.3753098,3,walk
12404251289,60.0032137,30.3745162,3,walk
12404251297,60.0002485,30.3772285,3,walk
12404251301,59.9997946,30.3778603,3,walk
12404251302,59.9997467,30.3781289,3,walk
12404251303,60.0000517,30.3775653,3,walk
12404251304,60.0001735,30.3776551,3,walk
12404251320,59.9995866,30.3779726,3,walk
12404251324,59.9997982,30.3765146,3,walk
12404251325,59.9998319,30.3765394,4,walk
12404251327,59.9996593,30.3775398,3,walk
12404346042,59.9997481,30.3749035,3,walk
12404346043,59.9998662,30.3749873,4,walk
12404346063,60.0008153,30.3676854,5,walk
12404346064,60.0006569,30.3672708,3,walk
12404346065,60.0007247,30.3675311,4,walk
12404346066,60.0005683,30.3676372,3,walk
12404346074,60.0005496,30.3677558,3,walk
12404346094,59.9997958,30.3667552,3,walk
12479193683,60.0242882,30.3964984,3,walk
12479193685,60.024303,30.3962081,3,walk
12479193687,60.02459,30.3951913,3,walk
12479193692,60.0241161,30.394671,3,walk
12479193697,60.0244704,30.3956151,3,walk
12479193698,60.0245255,30.3957745,3,walk
12616657574,60.0118567,30.4049291,4,walk
12616657575,60.0117553,30.4044632,3,walk
12616657594,60.0119429,30.4027428,4,walk
12657730788,60.0170487,30.3816068,4,walk
12657730796,60.0182258,30.3807621,3,walk
12657730797,60.0182122,30.3808324,3,walk
12657735416,60.0175699,30.3806897,3,walk
12657735417,60.0174468,30.3813258,3,walk
12657735418,60.0173994,30.3814958,3,walk
12657735419,60.0174342,30.381316,3,walk
12657735424,60.0177134,30.3815324,3,walk
12657735425,60.0181874,30.379501,3,walk
12657735426,60.018147,30.37971,3,walk
12657735427,60.0178883,30.3795096,3,walk
12657735428,60.0179287,30.3793006,3,walk
12657735429,60.0176874,30.3791136,3,walk
12657735430,60.0176469,30.3793226,3,walk
12657735431,60.0170242,30.3807575,3,walk
12657735432,60.017081,30.3808015,3,walk
12657735433,60.0170692,30.3805247,3,walk
12657735434,60.017126,30.3805687,3,walk
12657735435,60.017131,30.3802054,3,walk
12657735436,60.0171878,30.3802494,3,walk
12657735437,60.0171913,30.3798936,3,walk
12657735438,60.0172482,30.3799376,3,walk
12657735439,60.0172465,30.3796086,3,walk
12657735440,60.0173033,30.3796526,3,walk
12657735441,60.0172914,30.3793766,3,walk
12657735442,60.0173482,30.3794206,3,walk
12657735443,60.0171404,30.3810883,3,walk
12657735446,60.0171749,30.3811151,3,walk
12657735449,60.0170696,30.3808602,3,walk
12657735450,60.0170545,30.3809383,3,walk
12657735451,60.0174037,30.379134,3,walk
12657735452,60.0180294,30.3817772,3,walk
12657735454,60.0178448,30.3809027,3,walk
12657735458,60.0181524,30.3811411,3,walk
12657735459,60.0183925,30.3799003,3,walk
12657735460,60.0180179,30.3818361,3,walk
12657735461,60.0173468,30.37909,3,walk
12657735463,60.0181173,30.3819131,3,walk
12657735486,60.0176786,30.3817121,3,walk
12657735487,60.0171132,30.381274,3,walk
12657735488,60.0171388,30.3811339,3,walk
12657735496,60.0170135,30.3817887,3,walk
12657758162,60.0220157,30.3840236,3,walk
12657758165,60.0212148,30.3821237,3,walk
12657758166,60.0217691,30.3838327,3,walk
12657758172,60.0213402,30.383573,3,walk
12657758176,60.0209874,30.3832998,3,walk
12657758179,60.0210443,30.3830057,3,walk
12657758180,60.0210551,30.3829498,3,walk
12657758182,60.0212601,30.3818892,3,walk
12704482390,60.0229457,30.4094013,3,walk
12704482399,60.0228551,30.4095593,3,walk
12710525327,60.0227623,30.374718,3,walk
12710525328,60.0227887,30.3749782,3,walk
12710525329,60.0227635,30.3749983,3,walk
12710525330,60.0228944,30.3748935,3,walk
12710525331,60.0230786,30.3741464,3,walk
